Workbook

Sheet awarie RAW
A1: a | B1: b | C1: c | D1: d | E1: e | F1: f
A2: 44613.579 | B2: Ogolne_Linia | C2: zapełnianie linii | F2: 15
A3: 44613.579 | B3: Ogolne_Linia | C3: rework motoru | F3: 10
A4: 44613.58 | B4: Awaria | C4: stacja 40 - montaż śrub | D4: problem z testem wizijnym na cover film. 11185636 | F4: 2
A5: 44613.58 | B5: Awaria | C5: stacja 50 - test szczelności | D5: przeddłużony test szczelności od 100 -147 sekund | F5: 25
A6: 44613.582 | B6: Ogolne_Linia | C6: dokładanie komponentów | D6: uzupełnienie śrub | F6: 3
A7: 44613.583 | B7: Przegląd_Serwis | C7: interwencja DUR | D7: DUR na linii,trwa naprawa | F7: 17
A8: 44613.583 | B8: Awaria | C8: stacja 50 - test szczelności | D8: przeddłużony test szczelności od 100 -147 sekund | F8: 15
A9: 44613.583 | B9: Oczekwianie | C9: brakujący komponent | D9: brak szczelnych adapterów na stacji napraw M22 do korpusów11183826 | F9: 40
A10: 44613.583 | B10: Przegląd_Serwis | C10: interwencja DUR | D10: DUR na linii,trwa naprawa | F10: 25
A11: 44613.584 | B11: Ogolne_Linia | C11: dokładanie komponentów | D11: uzupełnienie plyt, oringów | F11: 1
A12: 44613.584 | B12: Awaria | C12: stacja 50 - test szczelności | D12: przeddłużony test szczelności od 100 -160 sekund | F12: 25
A13: 44613.585 | B13: Przegląd_Serwis | C13: interwencja DUR | D13: DUR na linii,trwa naprawa | F13: 10
A14: 44613.585 | B14: Ogolne_Linia | C14: dokładanie komponentów | D14: uzupełnienie śrub | F14: 1
A15: 44613.585 | B15: Przegląd_Serwis | C15: interwencja DUR | D15: DUR na linii,trwa naprawa | F15: 45
... A21: 44613.717 | B21: Awaria | C21: stacja 60 - KUKA | D21: KUKA upuśćila kolejny motor ze st. Napraw na podłodze | F21: 15
A22: 44613.749 | B22: Ogolne_Linia | D22: przerwa od 17-40 do 18-00 | F22: 20
A23: 44613.76 | B23: Awaria | C23: stacja 60 - KUKA | D23: KUKA upuśćila kolejny motor ze st. Napraw na podłodze | F23: 15
A24: 44613.92 | B24: Przegląd_Serwis | D24: puszanie testera | F24: 5
A25: 44613.95 | B25: Przegląd_Serwis | C25: wymiana filtra | D25: wymiana filtru hg003 | F25: 20
A26: 44613.976 | B26: Awaria | C26: stacja 60 - KUKA | D26: zawieszenie robota | F26: 15
A27: 44613.994 | B27: Przegląd_Serwis | D27: przeglad dur, nie idzie SMAR st 20 | F27: 27
A28: 44614.04 | B28: Awaria | C28: stacja 60 - KUKA | D28: zawieszenie robota | F28: 15
A29: 44614.538 | B29: Ogolne_Linia | C29: dokładanie komponentów | D29: uzupelnienie śrub 7:00 | F29: 2
A30: 44614.539 | B30: Ogolne_Linia | C30: dokładanie komponentów | D30: uzupelnienie śrub 8:31 | F30: 1
A31: 44614.54 | B31: Przegląd_Serwis | C31: wymiana papieru w drukarce | D31: Wymiana etykiet i kalibracja, dostosowanie wydruku 09:00:00 | F31: 15
A32: 44614.54 | B32: Jakość | C32: selekcja komponentów | D32: selekcja+uzupelnienie plut 9:00 | F32: 5
A33: 44614.546 | B33: Ogolne_Linia | C33: dodatkowa przerwa | D33: PRZERWA 9:40-10:00 | F33: 20
A34: 44614.547 | B34: Szkolenie_Spotkanie | C34: trening operatora | D34: od 10:00-14:00 po 10 min w godzine | F34: 10
A35: 44614.549 | B35: Ogolne_Linia | C35: dokładanie komponentów | D35: w 10:32 | F35: 1
A36: 44614.549 | B36: IT_Problem | D36: problem z licenziej EXCEL 11:15 | F36: 10
A37: 44614.55 | B37: Ogolne_Linia | C37: dokładanie komponentów | D37: śruby+o-ringi | F37: 2
A38: 44614.551 | B38: Awaria | C38: stacja 60 - KUKA | D38: zawieszenie robota + szkolenie DUR 11:45 | F38: 10
A39: 44614.551 | B39: Ogolne_Linia | D39: problematyczny pomiar cardana 11184809 11:46 | F39: 3
A40: 44614.57 | B40: Szkolenie_Spotkanie | C40: spotkanie z koordynatorem | F40: 20
A41: 44614.581 | B41: Ogolne_Linia | D41: sprzątanie linii | F41: 5
A42: 44614.609 | B42: Awaria | C42: stacja 60 - KUKA | D42: Zawieszenie Kuki,naprawa przes tehnologa | F42: 23
A43: 44614.628 | B43: Awaria | C43: stacja 60 - KUKA | D43: Zawieszenie Kuki,naprawa przes tehnologa | F43: 20
A44: 44614.653 | B44: Awaria | C44: stacja 30 - montaż silnika | D44: nie dziala test wizijny,czekanie na DUR | F44: 20
A45: 44614.667 | B45: Awaria | C45: stacja 30 - montaż silnika | D45: Nie dziala test wizijny,czekanie na DUR | F45: 13
A46: 44614.693 | B46: Awaria | C46: stacja 41 - dokręcanie śrub | D46: zawieszenie st.41,czekanie na DUR | F46: 22
A47: 44614.723 | B47: Awaria | C47: stacja 41 - dokręcanie śrub | D47: naprawa st.41,paletka zatrzymuje się między st.40 i st.41 , | F47: 40
A48: 44614.734 | B48: Ogolne_Linia | D48: przerwa | F48: 20
A49: 44614.751 | B49: Awaria | C49: stacja 41 - dokręcanie śrub | D49: naprawa st.41,paletka zatrzymuje się między st.40 i st.41 , | F49: 60
A50: 44614.819 | B50: Awaria | C50: stacja 41 - dokręcanie śrub | D50: AWARIA st.41 od god.16-30 do konca zmieny.DUR nie może tego naprawić | F50: 60
A51: 44615.257 | B51: Awaria | C51: stacja 41 - dokręcanie śrub | D51: awaria z poprzedniej zmiany, oczekiwanie na DUR | F51: 30
A52: 44615.257 | B52: Awaria | C52: stacja 41 - dokręcanie śrub | D52: awaria z poprzedniej zmiany, oczekiwanie na DUR | F52: 30
A53: 44615.276 | B53: Ogolne_Linia | C53: zapełnianie linii | F53: 10
A54: 44615.276 | B54: Ogolne_Linia | C54: zapełnianie linii | F54: 10
A55: 44615.347 | B55: Szkolenie_Spotkanie | C55: trening operatora | D55: rework | F55: 5
A56: 44615.347 | B56: Szkolenie_Spotkanie | C56: trening operatora | D56: rework | F56: 5
A57: 44615.365 | B57: Ogolne_Linia | C57: dokładanie komponentów | D57: uzupełnienie śrub | F57: 1
A58: 44615.365 | B58: Ogolne_Linia | C58: dokładanie komponentów | D58: uzupełnienie śrub | F58: 1
A59: 44615.385 | B59: Ogolne_Linia | D59: probłematyczny pomiar cardana 11184190 | F59: 3
A60: 44615.385 | B60: Ogolne_Linia | D60: probłematyczny pomiar cardana 11184190 | F60: 3
A61: 44615.39 | B61: Awaria | C61: stacja 20 - praska | D61: puszczenie ISIR i powa | F61: 1
A62: 44615.39 | B62: Awaria | C62: stacja 20 - praska | D62: puszczenie ISIR i powa | F62: 1
A63: 44615.392 | B63: Przegląd_Serwis | C63: praca technologa | D63: naprawa przez tehnologa Mikos P. | F63: do 13:40
A64: 44615.392 | B64: Przegląd_Serwis | C64: praca technologa | D64: naprawa przez tehnologa Mikos P. | F64: do 13:40
A65: 44615.395 | B65: Ogolne_Linia | C65: dokładanie komponentów | D65: uzupełnienie śrub, płyt | F65: 3
A66: 44615.395 | B66: Ogolne_Linia | C66: dokładanie komponentów | D66: uzupełnienie śrub, płyt | F66: 3
A67: 44615.567 | B67: Ogolne_Linia | D67: sprzątanie linii | F67: 10
A68: 44615.567 | B68: Ogolne_Linia | D68: sprzątanie linii | F68: 10
A69: 44615.71 | B69: Ogolne_Linia | D69: problem z docręcaniem śruby numer 7 ,4 .OMP 125 | F69: 2
A70: 44615.734 | B70: Ogolne_Linia | C70: dodatkowa przerwa | D70: PRZERWA | F70: 20
A71: 44615.785 | B71: Ogolne_Linia | D71: problem z docręcaniem śruby numer 7 ,4 .OMP 125 | F71: 3
A72: 44615.825 | B72: Ogolne_Linia | D72: problem z docręcaniem śruby numer 7 ,4 .OMP 125 | F72: 3
A73: 44615.854 | B73: Ogolne_Linia | D73: problem z docręcaniem śruby numer 7 ,4 .OMP 125 | F73: 3
A74: 44615.908 | B74: Ogolne_Linia | D74: problem z docręcaniem śruby numer 7 ,4 .OMP 125 | F74: 3
A75: 44615.908 | B75: Ogolne_Linia | C75: dodatkowa przerwa | D75: przerwa operatora st.70 | F75: 20
A76: 44616.278 | B76: Ogolne_Linia | C76: dokładanie komponentów | D76: uzupełnienie śrub | F76: 1
A77: 44616.307 | B77: Awaria | C77: stacja 20 - praska | D77: zawieszenie korpusu na trzpieniu | F77: 10
A78: 44616.321 | B78: Ogolne_Linia | C78: rework motoru | D78: znalezienie zgubionego numeru serijnego motoru i puszczenie reworkiem | F78: 5
A79: 44616.322 | B79: Ogolne_Linia | C79: dokładanie komponentów | D79: uzupełnienie śrub | F79: 1
A80: 44616.347 | B80: Awaria | C80: stacja 20 - praska | D80: zawieszenie motoru na trzpieniu | F80: 10
A81: 44616.356 | B81: Awaria | C81: stacja 60 - KUKA | D81: zawieszenie robota | F81: 30
A82: 44616.376 | B82: Przegląd_Serwis | C82: praca technologa | D82: Mikos P. | F82: 10
A83: 44616.455 | B83: Ogolne_Linia | C83: dokładanie komponentów | D83: uzupełnienie śrub | F83: 1
A84: 44616.468 | B84: Awaria | C84: stacja 20 - praska | D84: zawieszenie | F84: 5
A85: 44616.469 | B85: Ogolne_Linia | C85: dokładanie komponentów | D85: uzupełnienie płyt | F85: 2
A86: 44616.483 | B86: Awaria | C86: stacja 10 - załadunek paletki | D86: blędnyj pomiar cardana 11184906 | F86: 2
... A90: 44616.581 | B90: Ogolne_Linia | C90: dokładanie komponentów | D90: sruby,dreny,podkładki | F90: 5
A91: 44616.581 | B91: Ogolne_Linia | D91: sprzątanie linii | F91: 5
A92: 44616.619 | B92: Awaria | D92: awaria st.41 | F92: 7
A93: 44616.701 | B93: Przegląd_Serwis | C93: wymiana filtra | D93: wymina filtra HQ 020 | F93: 10
A94: 44616.709 | B94: Przegląd_Serwis | C94: wymiana filtra | D94: wymina filtra HQ 020 | F94: 10
A95: 44616.733 | B95: Awaria | C95: stacja 60 - KUKA | D95: zawieszenie KUKI od god.17-30 | F95: 10
A96: 44616.751 | B96: Oczekwianie | D96: oczekiwanie na DUR,awaria st.60 ,zawieszenie KUKI | F96: 60
A97: 44616.752 | D97: przerwa od god.17-40 do 18-00 | F97: 20
A98: 44616.792 | B98: Awaria | C98: stacja 60 - KUKA | D98: naprawa KUKI | F98: 45
A99: 44616.897 | B99: Ogolne_Linia | C99: rework motoru | D99: pomelony kod walka,dużo reworku | F99: 25
A100: 44617.259 | B100: Awaria | C100: stacja 60 - cell 2 | D100: czyszczenie błedów i stacij hydraulicznych | F100: 10
A101: 44617.264 | B101: Awaria | C101: stacja 55 - winda | D101: brak statusów w motorach | F101: 10
A102: 44617.281 | B102: Ogolne_Linia | C102: rework motoru | D102: 2 motory do rework | F102: 5
A103: 44617.31 | B103: Ogolne_Linia | C103: dokładanie komponentów | D103: uzupełnienie śrub | F103: 1
A104: 44617.398 | B104: Ogolne_Linia | C104: dokładanie komponentów | D104: uzupełnienie śrub, płyt | F104: 3
A105: 44617.443 | B105: Ogolne_Linia | C105: dokładanie komponentów | D105: uzupełnienie śrub | F105: 1
A106: 44617.469 | B106: Ogolne_Linia | C106: dokładanie komponentów | D106: uzupełnienie śrub | F106: 1
A107: 44617.5 | B107: Ogolne_Linia | C107: dokładanie komponentów | D107: uzupełnienie śrub | F107: 2
A108: 44617.564 | B108: Awaria | C108: stacja 41 - dokręcanie śrub | D108: zawieszenie na śrubie 3 i 7 OMRx250 | F108: 10
...

Sheet zejscia RAW
A1: dzien | B1: godzina | E1: cel | F1: OK | G1: NOK | H1: od celu
A2: 44613 | B2: 0600-0700 | C2: 4 | D2: (B)Nextgen, standard z zaworem | E2: 40 | F2: 36 | G2: 3 | H2: -4
A3: 44613 | B3: 0700-0800 | C3: 4 | D3: (B)Nextgen, standard z zaworem | E3: 40 | F3: 28 | G3: 1 | H3: -12
A4: 44613 | B4: 0800-0900 | C4: 4 | D4: (B)Nextgen, standard z zaworem | E4: 40 | F4: 20 | G4: 2 | H4: -20
A5: 44613 | B5: 0900-1000 | C5: 4 | D5: (B)Nextgen, standard z zaworem | E5: 40 | F5: 9 | G5: 2 | H5: -31
A6: 44613 | B6: 1000-1100 | C6: 4 | D6: (B)Nextgen, standard z zaworem | E6: 40 | F6: 20 | G6: 1 | H6: -20
A7: 44613 | B7: 1100-1200 | C7: 4 | D7: (B)Nextgen, standard z zaworem | E7: 40 | F7: 10 | G7: 0 | H7: -30
A8: 44613 | B8: 1200-1300 | C8: 4 | D8: (B)Nextgen, standard z zaworem | E8: 40 | F8: 14 | G8: 0 | H8: -26
A9: 44613 | B9: 1300-1400 | C9: 4 | D9: (B)Nextgen, standard z zaworem | E9: 40 | F9: 30 | G9: 2 | H9: -10
A10: 44613.62 | B10: 1400-1500 | C10: 4 | D10: (A)Bez zaworu | E10: 40 | F10: 28 | G10: 3 | H10: -12
A11: 44613.609 | B11: 1500-1600 | C11: 4 | D11: (A)Bez zaworu | E11: 40 | F11: 48 | G11: 2 | H11: 8
A12: 44613.625 | B12: 1600-1700 | C12: 4 | D12: (A)Bez zaworu | E12: 40 | F12: 28 | G12: 5 | H12: -12
A13: 44613.646 | B13: 1700-1800 | C13: 4 | D13: (A)Bez zaworu | E13: 40 | F13: 17 | G13: 4 | H13: -23
... A400: 44636.584 | B400: 2000-2100 | C400: 4 | D400: (A)Bez zaworu | E400: 46 | F400: 46 | G400: 1 | H400: 0
A401: 44636.584 | B401: 2100-2200 | C401: 4 | D401: (A)Bez zaworu | E401: 43 | F401: 9 | H401: -34
A402: 44636.958 | B402: 2200-2300 | C402: 4 | D402: (A)Bez zaworu | E402: 43 | F402: 10 | G402: 0 | H402: -33
A403: 44636.958 | B403: 2300-0000 | C403: 4 | D403: (A)Bez zaworu | E403: 46 | F403: 18 | G403: 2 | H403: -28
A404: 44636.958 | B404: 0000-0100 | C404: 4 | D404: (A)Bez zaworu | E404: 46 | F404: 24 | G404: 2 | H404: -22
A405: 44636.958 | B405: 0100-0200 | C405: 4 | D405: (A)Bez zaworu | E405: 32 | F405: 26 | G405: 3 | H405: -6
A406: 44636.958 | B406: 0200-0300 | C406: 4 | D406: (A)Bez zaworu | E406: 46 | F406: 38 | G406: 4 | H406: -8
A407: 44636.958 | B407: 0300-0400 | C407: 4 | D407: (A)Bez zaworu | E407: 46 | F407: 40 | G407: 3 | H407: -6
A408: 44636.958 | B408: 0400-0500 | C408: 4 | D408: (A)Bez zaworu | E408: 46 | F408: 28 | G408: 5 | H408: -18
A409: 44636.958 | B409: 0500-0600 | C409: 4 | D409: (A)Bez zaworu | E409: 43 | F409: 23 | G409: 3 | H409: -20
A410: 44637.25 | B410: 0600-0700 | C410: 3 | D410: (B)Nextgen, standard z zaworem | E410: 43 | F410: 35 | G410: 3 | H410: -8
A411: 44637.251 | B411: 0700-0800 | C411: 3 | D411: (B)Nextgen, standard z zaworem | E411: 46 | F411: 40 | G411: 2 | H411: -6
A412: 44637.251 | B412: 0800-0900 | C412: 3 | D412: (B)Nextgen, standard z zaworem | E412: 46 | F412: 40 | G412: 3 | H412: -6
A413: 44637.251 | B413: 0900-1000 | C413: 3 | D413: (B)Nextgen, standard z zaworem | E413: 32 | F413: 26 | G413: 2 | H413: -6
... A465: 44642.25 | B465: 1300-1400 | C465: 4 | D465: (A)Bez zaworu | E465: 43 | F465: 43 | G465: 1 | H465: 0
A466: 44642.621 | B466: 1400-1500 | C466: 4 | D466: (A)Bez zaworu | E466: 43 | F466: 0 | H466: -43
A467: 44642.62 | B467: 1500-1600 | C467: 4 | D467: (A)Bez zaworu | E467: 46 | F467: 0 | H467: -46
A468: 44642.62 | B468: 1600-1700 | C468: 4 | D468: (A)Bez zaworu | E468: 46 | F468: 0 | H468: -46
A469: 44642.62 | B469: 1700-1800 | C469: 4 | D469: (A)Bez zaworu | E469: 32 | F469: 0 | H469: -32
A470: 44642.62 | B470: 1800-1900 | C470: 4 | D470: (A)Bez zaworu | E470: 46 | F470: 0 | H470: -46
A471: 44642.62 | B471: 1900-2000 | C471: 4 | D471: (A)Bez zaworu | E471: 46 | F471: 0 | H471: -46
A472: 44642.62 | B472: 2000-2100 | C472: 4 | D472: (A)Bez zaworu | E472: 46 | F472: 0 | H472: -46
A473: 44642.621 | B473: 2100-2200 | C473: 4 | D473: (A)Bez zaworu | E473: 43 | F473: 0 | H473: -43
A474: 44642.621 | B474: 1400-1500 | C474: 4 | D474: (A)Bez zaworu | E474: 43 | F474: 0 | H474: -43
A475: 44642.62 | B475: 1500-1600 | C475: 4 | D475: (A)Bez zaworu | E475: 46 | F475: 0 | H475: -46
A476: 44642.62 | B476: 1600-1700 | C476: 4 | D476: (A)Bez zaworu | E476: 46 | F476: 0 | H476: -46
A477: 44642.62 | B477: 1700-1800 | C477: 4 | D477: (A)Bez zaworu | E477: 32 | F477: 0 | H477: -32
... A481: 44642.621 | B481: 2100-2200 | C481: 4 | D481: (A)Bez zaworu | E481: 43 | F481: 0 | H481: -43
A482: 44642.621 | B482: 1400-1500 | C482: 4 | D482: (A)Bez zaworu | E482: 43 | F482: 38 | G482: 5 | H482: -5
A483: 44642.62 | B483: 1500-1600 | C483: 4 | D483: (A)Bez zaworu | E483: 46 | F483: 42 | G483: 11 | H483: -4
A484: 44642.62 | B484: 1600-1700 | C484: 4 | D484: (A)Bez zaworu | E484: 46 | F484: 45 | G484: 9 | H484: -1
A485: 44642.62 | B485: 1700-1800 | C485: 4 | D485: (A)Bez zaworu | E485: 32 | F485: 27 | G485: 6 | H485: -5
A486: 44642.62 | B486: 1800-1900 | C486: 4 | D486: (A)Bez zaworu | E486: 46 | F486: 44 | G486: 5 | H486: -2
A487: 44642.62 | B487: 1900-2000 | C487: 4 | D487: (A)Bez zaworu | E487: 46 | F487: 46 | G487: 7 | H487: 0
A488: 44642.62 | B488: 2000-2100 | C488: 4 | D488: (A)Bez zaworu | E488: 46 | F488: 46 | G488: 6 | H488: 0
A489: 44642.621 | B489: 2100-2200 | C489: 4 | D489: (A)Bez zaworu | E489: 43 | F489: 32 | G489: 5 | H489: -11
A490: 44643.25 | B490: 0600-0700 | C490: 4 | D490: (A)Bez zaworu | E490: 43 | F490: 31 | G490: 4 | H490: -12
A491: 44643.25 | B491: 0700-0800 | C491: 4 | D491: (A)Bez zaworu | E491: 46 | F491: 10 | G491: 3 | H491: -36
A492: 44643.25 | B492: 0800-0900 | C492: 4 | D492: (A)Bez zaworu | E492: 46 | F492: 30 | G492: 0 | H492: -16
A493: 44643.25 | B493: 0900-1000 | C493: 4 | D493: (A)Bez zaworu | E493: 32 | F493: 17 | G493: 0 | H493: -15
... A888: 44665.598 | B888: 2000-2100 | C888: 4 | D888: Nextgen, standard | E888: 50 | F888: 42 | G888: 7 | H888: -8
A889: 44665.598 | B889: 2100-2200 | C889: 4 | D889: Nextgen, standard | E889: 46 | F889: 36 | H889: -10
A890: 44665.914 | B890: 1400-1500 | C890: 4 | D890: Nextgen, standard | E890: 46 | F890: 39 | G890: 2 | H890: -7
A891: 44665.914 | B891: 1500-1600 | C891: 4 | D891: Nextgen, standard | E891: 50 | F891: 49 | G891: 2 | H891: -1
A892: 44665.914 | B892: 1600-1700 | C892: 4 | D892: Nextgen, standard | E892: 50 | F892: 50 | G892: 0 | H892: 0
A893: 44665.914 | B893: 1700-1800 | C893: 4 | D893: Nextgen, standard | E893: 33 | F893: 30 | G893: 1 | H893: -3
A894: 44665.914 | B894: 1800-1900 | C894: 4 | D894: Nextgen, standard | E894: 50 | F894: 50 | G894: 2 | H894: 0
A895: 44665.914 | B895: 1900-2000 | C895: 4 | D895: Nextgen, standard | E895: 50 | F895: 50 | G895: 1 | H895: 0
A896: 44665.914 | B896: 2000-2100 | C896: 4 | D896: Nextgen, standard | E896: 50 | F896: 0 | G896: 0 | H896: -50
A897: 44665.914 | B897: 2100-2200 | C897: 4 | D897: Nextgen, standard | E897: 46 | F897: 0 | G897: 0 | H897: -46
A898: 44670.249 | B898: 0600-0700 | C898: 4 | D898: Nextgen, standard | E898: 46 | F898: 3 | G898: 1 | H898: -43
A899: 44670.249 | B899: 0700-0800 | C899: 4 | D899: Nextgen, standard | E899: 50 | F899: 15 | G899: 0 | H899: -35
A900: 44670.249 | B900: 0800-0900 | C900: 4 | D900: Nextgen, standard | E900: 50 | F900: 48 | G900: 5 | H900: -2
A901: 44670.249 | B901: 0900-1000 | C901: 4 | D901: Nextgen, standard | E901: 33 | F901: 26 | G901: 2 | H901: -7
... A1752: 44722.583 | B1752: 2000-2100 | C1752: 4 | D1752: Nextgen, standard | E1752: 50 | F1752: 50 | G1752: 0 | H1752: 0
A1753: 44722.583 | B1753: 2100-2200 | C1753: 4 | D1753: Nextgen, standard | E1753: 46 | F1753: 11 | H1753: -35
A1754: 44722.918 | B1754: 2200-2300 | C1754: 3 | D1754: Nextgen, standard | E1754: 34 | F1754: 8 | G1754: 5 | H1754: -26
A1755: 44722.918 | B1755: 2300-0000 | C1755: 3 | D1755: Nextgen, standard | E1755: 37 | F1755: 7 | G1755: 0 | H1755: -30
A1756: 44722.918 | B1756: 0000-0100 | C1756: 3 | D1756: Nextgen, standard | E1756: 37 | F1756: 3 | G1756: 0 | H1756: -34
A1757: 44722.918 | B1757: 0100-0200 | C1757: 3 | D1757: Nextgen, standard | E1757: 24 | F1757: 0 | G1757: 0 | H1757: -24
A1758: 44722.918 | B1758: 0200-0300 | C1758: 3 | D1758: Nextgen, standard | E1758: 37 | F1758: 29 | G1758: 4 | H1758: -8
A1759: 44722.918 | B1759: 0300-0400 | C1759: 3 | D1759: Nextgen, standard | E1759: 37 | F1759: 31 | G1759: 0 | H1759: -6
A1760: 44722.918 | B1760: 0400-0500 | C1760: 3 | D1760: Nextgen, standard | E1760: 37 | F1760: 31 | G1760: 1 | H1760: -6
A1761: 44722.918 | B1761: 0500-0600 | C1761: 3 | D1761: Nextgen, standard | E1761: 34 | F1761: 29 | G1761: 0 | H1761: -5
A1762: 44725.249 | B1762: 0600-0700 | C1762: 4 | D1762: Nextgen, standard | E1762: 46 | F1762: 35 | G1762: 4 | H1762: -11
A1763: 44725.249 | B1763: 0700-0800 | C1763: 4 | D1763: Nextgen, standard | E1763: 50 | F1763: 50 | G1763: 3 | H1763: 0
A1764: 44725.249 | B1764: 0800-0900 | C1764: 4 | D1764: Nextgen, standard | E1764: 50 | F1764: 50 | G1764: 0 | H1764: 0
A1765: 44725.249 | B1765: 0900-1000 | C1765: 4 | D1765: Nextgen, standard | E1765: 33 | F1765: 31 | G1765: 1 | H1765: -2
... A1840: 44729.46 | B1840: 1200-1300 | C1840: 4 | D1840: Nextgen, standard | E1840: 50 | F1840: 48 | G1840: 5 | H1840: -2
A1841: 44729.576 | B1841: 1300-1400 | C1841: 4 | D1841: Nextgen, z łożyskiem | E1841: 38 | F1841: 35 | H1841: -3
A1842: 44732.249 | B1842: 0600-0700 | C1842: 4 | D1842: Nextgen, z łożyskiem | E1842: 38 | F1842: 15 | G1842: 2 | H1842: -23
A1843: 44732.249 | B1843: 0700-0800 | C1843: 4 | D1843: Nextgen, z łożyskiem | E1843: 42 | F1843: 42 | G1843: 3 | H1843: 0
A1844: 44732.513 | B1844: 0800-0900 | C1844: 4 | D1844: Nextgen, z łożyskiem | E1844: 42 | F1844: 35 | G1844: 3 | H1844: -7
A1845: 44732.513 | B1845: 0900-1000 | C1845: 4 | D1845: Nextgen, standard | E1845: 33 | F1845: 23 | G1845: 3 | H1845: -10
A1846: 44732.513 | B1846: 1000-1100 | C1846: 4 | D1846: Nextgen, standard | E1846: 50 | F1846: 48 | G1846: 0 | H1846: -2
A1847: 44732.513 | B1847: 1100-1200 | C1847: 4 | D1847: Nextgen, z łożyskiem | E1847: 42 | F1847: 42 | G1847: 1 | H1847: 0
A1848: 44732.45 | B1848: 1200-1300 | C1848: 4 | D1848: Nextgen, z łożyskiem | E1848: 42 | F1848: 40 | G1848: 0 | H1848: -2
A1849: 44732.45 | B1849: 1300-1400 | C1849: 4 | D1849: Nextgen, z łożyskiem | E1849: 38 | F1849: 38 | G1849: 3 | H1849: 0
A1850: 44732.578 | B1850: 1400-1500 | C1850: 3 | D1850: Nextgen, z łożyskiem | E1850: 28 | F1850: 28 | G1850: 6 | H1850: 0
A1851: 44732.578 | B1851: 1500-1600 | C1851: 3 | D1851: Nextgen, z łożyskiem | E1851: 31 | F1851: 31 | G1851: 5 | H1851: 0
A1852: 44732.578 | B1852: 1600-1700 | C1852: 3 | D1852: Nextgen, standard | E1852: 37 | F1852: 37 | G1852: 8 | H1852: 0
A1853: 44732.578 | B1853: 1700-1800 | C1853: 3 | D1853: Nextgen, standard | E1853: 24 | F1853: 23 | G1853: 5 | H1853: -1
... A2714: 44784.591 | B2714: 1400-1500 | C2714: 3 | D2714: Nextgen, standard | E2714: 34 | F2714: 0 | G2714: 0 | H2714: -34
A2715: 44784.699 | B2715: 1500-1600 | C2715: 3 | D2715: Nextgen, standard | E2715: 37 | F2715: 0 | H2715: -37
A2716: 44784.699 | B2716: 1600-1700 | C2716: 3 | D2716: Nextgen, standard | E2716: 37 | F2716: 0 | G2716: 0 | H2716: -37
A2717: 44784.699 | B2717: 1700-1800 | C2717: 3 | D2717: Nextgen, standard | E2717: 24 | F2717: 24 | G2717: 1 | H2717: 0
A2718: 44784.699 | B2718: 1800-1900 | C2718: 3 | D2718: Nextgen, standard | E2718: 37 | F2718: 37 | G2718: 0 | H2718: 0
...

Sheet zejscia WORK 2
A1: Lp | B1: polaczona data z godzina | F1: cel | G1: OK | H1: NOK | I1: Wszytkie wykonane sztuki | J1: od celu | O1: Dzien_zmiana | P1: FPY | Q1: Wszystkie zmontowane / CEL | S1: Suma celu | T1: Suma OK | U1: Suma NOK | V1: Suma wszystkich zmontowanych
A2: 1 | B2: 21.02.2022 0600-0700 | C2: 0 | D2: 4 | E2: (B)Nextgen, standard z zaworem | F2: 40 | G2: 36 | H2: 3 | I2: =G2+H2 -> 39 | J2: -4 | L2: 45071 | M2: =TEXT(L2, "dd.mm.rrrr") -> 25.05.2023 | N2: 3 | O2: =_xlfn.CONCAT(M2, " ", N2) -> 25.05.2023 3 | P2: =(T2/V2)*100 -> 93.820225 | Q2: =(V2/S2)*100 -> 55.625 | S2: =SUM(OFFSET('zejscia WORK 2'!$F$2, (ROW()-2)*8, 0, 8, 1)) -> 320 | T2: =SUM(OFFSET('zejscia WORK 2'!$G$2, (ROW()-2)*8, 0, 8, 1)) -> 167 | U2: =SUM(OFFSET('zejscia WORK 2'!$H$2, (ROW()-2)*8, 0, 8, 1)) -> 11 | V2: =SUM(OFFSET('zejscia WORK 2'!$I$2, (ROW()-2)*8, 0, 8, 1)) -> 178
A3: 2 | B3: 21.02.2022 0700-0800 | C3: 0 | D3: 4 | E3: (B)Nextgen, standard z zaworem | F3: 40 | G3: 28 | H3: 1 | I3: =G3+H3 -> 29 | J3: -12 | L3: 45071 | M3: =TEXT(L3, "dd.mm.rrrr") -> 25.05.2023 | N3: 2 | O3: =_xlfn.CONCAT(M3, " ", N3) -> 25.05.2023 2 | P3: =(T3/V3)*100 -> 93.333333 | Q3: =(V3/S3)*100 -> 93.75 | S3: =SUM(OFFSET('zejscia WORK 2'!$F$2, (ROW()-2)*8, 0, 8, 1)) -> 320 | T3: =SUM(OFFSET('zejscia WORK 2'!$G$2, (ROW()-2)*8, 0, 8, 1)) -> 280 | U3: =SUM(OFFSET('zejscia WORK 2'!$H$2, (ROW()-2)*8, 0, 8, 1)) -> 20 | V3: =SUM(OFFSET('zejscia WORK 2'!$I$2, (ROW()-2)*8, 0, 8, 1)) -> 300
A4: 3 | B4: 21.02.2022 0800-0900 | C4: 0 | D4: 4 | E4: (B)Nextgen, standard z zaworem | F4: 40 | G4: 20 | H4: 2 | I4: =G4+H4 -> 22 | J4: -20 | L4: 45071 | M4: =TEXT(L4, "dd.mm.rrrr") -> 25.05.2023 | N4: 1 | O4: =_xlfn.CONCAT(M4, " ", N4) -> 25.05.2023 1 | P4: =(T4/V4)*100 -> 93.457944 | Q4: =(V4/S4)*100 -> 100.3125 | S4: =SUM(OFFSET('zejscia WORK 2'!$F$2, (ROW()-2)*8, 0, 8, 1)) -> 320 | T4: =SUM(OFFSET('zejscia WORK 2'!$G$2, (ROW()-2)*8, 0, 8, 1)) -> 300 | U4: =SUM(OFFSET('zejscia WORK 2'!$H$2, (ROW()-2)*8, 0, 8, 1)) -> 21 | V4: =SUM(OFFSET('zejscia WORK 2'!$I$2, (ROW()-2)*8, 0, 8, 1)) -> 321
A5: 4 | B5: 21.02.2022 0900-1000 | C5: 0 | D5: 4 | E5: (B)Nextgen, standard z zaworem | F5: 40 | G5: 9 | H5: 2 | I5: =G5+H5 -> 11 | J5: -31 | L5: 45070 | M5: =TEXT(L5, "dd.mm.rrrr") -> 24.05.2023 | N5: 3 | O5: =_xlfn.CONCAT(M5, " ", N5) -> 24.05.2023 3 | P5: =(T5/V5)*100 -> 92.282958 | Q5: =(V5/S5)*100 -> 97.1875 | S5: =SUM(OFFSET('zejscia WORK 2'!$F$2, (ROW()-2)*8, 0, 8, 1)) -> 320 | T5: =SUM(OFFSET('zejscia WORK 2'!$G$2, (ROW()-2)*8, 0, 8, 1)) -> 287 | U5: =SUM(OFFSET('zejscia WORK 2'!$H$2, (ROW()-2)*8, 0, 8, 1)) -> 24 | V5: =SUM(OFFSET('zejscia WORK 2'!$I$2, (ROW()-2)*8, 0, 8, 1)) -> 311
A6: 5 | B6: 21.02.2022 1000-1100 | C6: 0 | D6: 4 | E6: (B)Nextgen, standard z zaworem | F6: 40 | G6: 20 | H6: 1 | I6: =G6+H6 -> 21 | J6: -20 | L6: 45070 | M6: =TEXT(L6, "dd.mm.rrrr") -> 24.05.2023 | N6: 2 | O6: =_xlfn.CONCAT(M6, " ", N6) -> 24.05.2023 2 | P6: =(T6/V6)*100 -> 96.296296 | Q6: =(V6/S6)*100 -> 16.875 | S6: =SUM(OFFSET('zejscia WORK 2'!$F$2, (ROW()-2)*8, 0, 8, 1)) -> 320 | T6: =SUM(OFFSET('zejscia WORK 2'!$G$2, (ROW()-2)*8, 0, 8, 1)) -> 52 | U6: =SUM(OFFSET('zejscia WORK 2'!$H$2, (ROW()-2)*8, 0, 8, 1)) -> 2 | V6: =SUM(OFFSET('zejscia WORK 2'!$I$2, (ROW()-2)*8, 0, 8, 1)) -> 54
A7: 6 | B7: 21.02.2022 1100-1200 | C7: 0 | D7: 4 | E7: (B)Nextgen, standard z zaworem | F7: 40 | G7: 10 | H7: 0 | I7: =G7+H7 -> 10 | J7: -30 | L7: 45070 | M7: =TEXT(L7, "dd.mm.rrrr") -> 24.05.2023 | N7: 1 | O7: =_xlfn.CONCAT(M7, " ", N7) -> 24.05.2023 1 | P7: =(T7/V7)*100 -> 95.121951 | Q7: =(V7/S7)*100 -> 38.4375 | S7: =SUM(OFFSET('zejscia WORK 2'!$F$2, (ROW()-2)*8, 0, 8, 1)) -> 320 | T7: =SUM(OFFSET('zejscia WORK 2'!$G$2, (ROW()-2)*8, 0, 8, 1)) -> 117 | U7: =SUM(OFFSET('zejscia WORK 2'!$H$2, (ROW()-2)*8, 0, 8, 1)) -> 6 | V7: =SUM(OFFSET('zejscia WORK 2'!$I$2, (ROW()-2)*8, 0, 8, 1)) -> 123
A8: 7 | B8: 21.02.2022 1200-1300 | C8: 0 | D8: 4 | E8: (B)Nextgen, standard z zaworem | F8: 40 | G8: 14 | H8: 0 | I8: =G8+H8 -> 14 | J8: -26 | L8: 45069 | M8: =TEXT(L8, "dd.mm.rrrr") -> 23.05.2023 | N8: 3 | O8: =_xlfn.CONCAT(M8, " ", N8) -> 23.05.2023 3 | P8: =(T8/V8)*100 -> 95.121951 | Q8: =(V8/S8)*100 -> 38.4375 | S8: =SUM(OFFSET('zejscia WORK 2'!$F$2, (ROW()-2)*8, 0, 8, 1)) -> 320 | T8: =SUM(OFFSET('zejscia WORK 2'!$G$2, (ROW()-2)*8, 0, 8, 1)) -> 117 | U8: =SUM(OFFSET('zejscia WORK 2'!$H$2, (ROW()-2)*8, 0, 8, 1)) -> 6 | V8: =SUM(OFFSET('zejscia WORK 2'!$I$2, (ROW()-2)*8, 0, 8, 1)) -> 123
A9: 8 | B9: 21.02.2022 1300-1400 | C9: 0 | D9: 4 | E9: (B)Nextgen, standard z zaworem | F9: 40 | G9: 30 | H9: 2 | I9: =G9+H9 -> 32 | J9: -10 | L9: 45069 | M9: =TEXT(L9, "dd.mm.rrrr") -> 23.05.2023 | N9: 2 | O9: =_xlfn.CONCAT(M9, " ", N9) -> 23.05.2023 2 | P9: =(T9/V9)*100 -> 94.334278 | Q9: =(V9/S9)*100 -> 110.3125 | S9: =SUM(OFFSET('zejscia WORK 2'!$F$2, (ROW()-2)*8, 0, 8, 1)) -> 320 | T9: =SUM(OFFSET('zejscia WORK 2'!$G$2, (ROW()-2)*8, 0, 8, 1)) -> 333 | U9: =SUM(OFFSET('zejscia WORK 2'!$H$2, (ROW()-2)*8, 0, 8, 1)) -> 20 | V9: =SUM(OFFSET('zejscia WORK 2'!$I$2, (ROW()-2)*8, 0, 8, 1)) -> 353
A10: 9 | B10: 21.02.2022 1400-1500 | C10: 0.62 | D10: 4 | E10: (A)Bez zaworu | F10: 40 | G10: 28 | H10: 3 | I10: =G10+H10 -> 31 | J10: -12 | L10: 45069 | M10: =TEXT(L10, "dd.mm.rrrr") -> 23.05.2023 | N10: 1 | O10: =_xlfn.CONCAT(M10, " ", N10) -> 23.05.2023 1 | P10: =(T10/V10)*100 -> 93.992933 | Q10: =(V10/S10)*100 -> 88.4375 | S10: =SUM(OFFSET('zejscia WORK 2'!$F$2, (ROW()-2)*8, 0, 8, 1)) -> 320 | T10: =SUM(OFFSET('zejscia WORK 2'!$G$2, (ROW()-2)*8, 0, 8, 1)) -> 266 | U10: =SUM(OFFSET('zejscia WORK 2'!$H$2, (ROW()-2)*8, 0, 8, 1)) -> 17 | V10: =SUM(OFFSET('zejscia WORK 2'!$I$2, (ROW()-2)*8, 0, 8, 1)) -> 283
A11: 10 | B11: 21.02.2022 1500-1600 | C11: 0.60887731 | D11: 4 | E11: (A)Bez zaworu | F11: 40 | G11: 48 | H11: 2 | I11: =G11+H11 -> 50 | J11: 8 | L11: 45799 | M11: =TEXT(L11, "dd.mm.rrrr") -> 22.05.2025 | N11: 3 | O11: =_xlfn.CONCAT(M11, " ", N11) -> 22.05.2025 3 | P11: =(T11/V11)*100 -> 89.177489 | Q11: =(V11/S11)*100 -> 72.1875 | S11: =SUM(OFFSET('zejscia WORK 2'!$F$2, (ROW()-2)*8, 0, 8, 1)) -> 320 | T11: =SUM(OFFSET('zejscia WORK 2'!$G$2, (ROW()-2)*8, 0, 8, 1)) -> 206 | U11: =SUM(OFFSET('zejscia WORK 2'!$H$2, (ROW()-2)*8, 0, 8, 1)) -> 25 | V11: =SUM(OFFSET('zejscia WORK 2'!$I$2, (ROW()-2)*8, 0, 8, 1)) -> 231
A12: 11 | B12: 21.02.2022 1600-1700 | C12: 0.62501157 | D12: 4 | E12: (A)Bez zaworu | F12: 40 | G12: 28 | H12: 5 | I12: =G12+H12 -> 33 | J12: -12 | L12: 45799 | M12: =TEXT(L12, "dd.mm.rrrr") -> 22.05.2025 | N12: 2 | O12: =_xlfn.CONCAT(M12, " ", N12) -> 22.05.2025 2 | P12: =(T12/V12)*100 -> 92.971246 | Q12: =(V12/S12)*100 -> 97.8125 | S12: =SUM(OFFSET('zejscia WORK 2'!$F$2, (ROW()-2)*8, 0, 8, 1)) -> 320 | T12: =SUM(OFFSET('zejscia WORK 2'!$G$2, (ROW()-2)*8, 0, 8, 1)) -> 291 | U12: =SUM(OFFSET('zejscia WORK 2'!$H$2, (ROW()-2)*8, 0, 8, 1)) -> 22 | V12: =SUM(OFFSET('zejscia WORK 2'!$I$2, (ROW()-2)*8, 0, 8, 1)) -> 313
A13: 12 | B13: 21.02.2022 1700-1800 | C13: 0.64572917 | D13: 4 | E13: (A)Bez zaworu | F13: 40 | G13: 17 | H13: 4 | I13: =G13+H13 -> 21 | J13: -23 | L13: 45799 | M13: =TEXT(L13, "dd.mm.rrrr") -> 22.05.2025 | N13: 1 | O13: =_xlfn.CONCAT(M13, " ", N13) -> 22.05.2025 1 | P13: =(T13/V13)*100 -> 90.4 | Q13: =(V13/S13)*100 -> 39.0625 | S13: =SUM(OFFSET('zejscia WORK 2'!$F$2, (ROW()-2)*8, 0, 8, 1)) -> 320 | T13: =SUM(OFFSET('zejscia WORK 2'!$G$2, (ROW()-2)*8, 0, 8, 1)) -> 113 | U13: =SUM(OFFSET('zejscia WORK 2'!$H$2, (ROW()-2)*8, 0, 8, 1)) -> 12 | V13: =SUM(OFFSET('zejscia WORK 2'!$I$2, (ROW()-2)*8, 0, 8, 1)) -> 125
... A22: 21 | B22: 21.02.2022 0200-0300 | C22: 0.9205787 | D22: 4 | E22: (A)Bez zaworu | F22: 40 | G22: 43 | H22: 2 | I22: =G22+H22 -> 45 | J22: 3 | L22: 45796 | M22: =TEXT(L22, "dd.mm.rrrr") -> 19.05.2025 | N22: 1 | O22: =_xlfn.CONCAT(M22, " ", N22) -> 19.05.2025 1 | P22: =(T22/V22)*100 -> 96.456693 | Q22: =(V22/S22)*100 -> 79.375 | S22: =SUM(OFFSET('zejscia WORK 2'!$F$2, (ROW()-2)*8, 0, 8, 1)) -> 320 | T22: =SUM(OFFSET('zejscia WORK 2'!$G$2, (ROW()-2)*8, 0, 8, 1)) -> 245 | U22: =SUM(OFFSET('zejscia WORK 2'!$H$2, (ROW()-2)*8, 0, 8, 1)) -> 9 | V22: =SUM(OFFSET('zejscia WORK 2'!$I$2, (ROW()-2)*8, 0, 8, 1)) -> 254
A23: 22 | B23: 21.02.2022 0300-0400 | C23: 0.920625 | D23: 4 | E23: (A)Bez zaworu | F23: 40 | G23: 47 | H23: 0 | I23: =G23+H23 -> 47 | J23: 7
A24: 23 | B24: 21.02.2022 0400-0500 | C24: 0.92065972 | D24: 4 | E24: (A)Bez zaworu | F24: 40 | G24: 50 | H24: 1 | I24: =G24+H24 -> 51 | J24: 10
A25: 24 | B25: 21.02.2022 0500-0600 | C25: 0.9206713 | D25: 4 | E25: (A)Bez zaworu | F25: 40 | G25: 40 | H25: 1 | I25: =G25+H25 -> 41 | J25: 0
A26: 25 | B26: 22.02.2022 0600-0700 | C26: 0.53748843 | D26: 4 | E26: (B)Nextgen, standard z zaworem | F26: 40 | G26: 39 | H26: 7 | I26: =G26+H26 -> 46 | J26: -1
A27: 26 | B27: 22.02.2022 0700-0800 | C27: 0.53751157 | D27: 4 | E27: (B)Nextgen, standard z zaworem | F27: 40 | G27: 51 | H27: 3 | I27: =G27+H27 -> 54 | J27: 11
A28: 27 | B28: 22.02.2022 0800-0900 | C28: 0.53753472 | D28: 4 | E28: (B)Nextgen, standard z zaworem | F28: 40 | G28: 45 | H28: 2 | I28: =G28+H28 -> 47 | J28: 5
A29: 28 | B29: 22.02.2022 0900-1000 | C29: 0.53755787 | D29: 4 | E29: (B)Nextgen, standard z zaworem | F29: 40 | G29: 18 | H29: 1 | I29: =G29+H29 -> 19 | J29: -22
A30: 29 | B30: 22.02.2022 1000-1100 | C30: 0.53758102 | D30: 4 | E30: (B)Nextgen, standard z zaworem | F30: 40 | G30: 39 | H30: 3 | I30: =G30+H30 -> 42 | J30: -1
A31: 30 | B31: 22.02.2022 1100-1200 | C31: 0.53760417 | D31: 4 | E31: (B)Nextgen, standard z zaworem | F31: 40 | G31: 37 | H31: 4 | I31: =G31+H31 -> 41 | J31: -3
A32: 31 | B32: 22.02.2022 1200-1300 | C32: 0.53762731 | D32: 4 | E32: (B)Nextgen, standard z zaworem | F32: 40 | G32: 39 | H32: 2 | I32: =G32+H32 -> 41 | J32: -1
A33: 32 | B33: 22.02.2022 1300-1400 | C33: 0.53765046 | D33: 4 | E33: (B)Nextgen, standard z zaworem | F33: 40 | G33: 19 | H33: 2 | I33: =G33+H33 -> 21 | J33: -21
A34: 33 | B34: 22.02.2022 1400-1500 | C34: 0.58417824 | D34: 4 | E34: (A)Bez zaworu | F34: 40 | G34: 20 | H34: 2 | I34: =G34+H34 -> 22 | J34: -20
... A400: 399 | B400: 16.03.2022 2000-2100 | C400: 0.58403935 | D400: 4 | E400: (A)Bez zaworu | F400: 46 | G400: 46 | H400: 1 | I400: =G400+H400 -> 47 | J400: 0
A401: 400 | B401: 16.03.2022 2100-2200 | C401: 0.58407407 | D401: 4 | E401: (A)Bez zaworu | F401: 43 | G401: 9 | I401: =G401+H401 -> 9 | J401: -34
A402: 401 | B402: 16.03.2022 2200-2300 | C402: 0.95761574 | D402: 4 | E402: (A)Bez zaworu | F402: 43 | G402: 10 | H402: 0 | I402: =G402+H402 -> 10 | J402: -33
A403: 402 | B403: 16.03.2022 2300-0000 | C403: 0.95763889 | D403: 4 | E403: (A)Bez zaworu | F403: 46 | G403: 18 | H403: 2 | I403: =G403+H403 -> 20 | J403: -28
A404: 403 | B404: 16.03.2022 0000-0100 | C404: 0.95766204 | D404: 4 | E404: (A)Bez zaworu | F404: 46 | G404: 24 | H404: 2 | I404: =G404+H404 -> 26 | J404: -22
A405: 404 | B405: 16.03.2022 0100-0200 | C405: 0.95769676 | D405: 4 | E405: (A)Bez zaworu | F405: 32 | G405: 26 | H405: 3 | I405: =G405+H405 -> 29 | J405: -6
A406: 405 | B406: 16.03.2022 0200-0300 | C406: 0.95773148 | D406: 4 | E406: (A)Bez zaworu | F406: 46 | G406: 38 | H406: 4 | I406: =G406+H406 -> 42 | J406: -8
A407: 406 | B407: 16.03.2022 0300-0400 | C407: 0.95774306 | D407: 4 | E407: (A)Bez zaworu | F407: 46 | G407: 40 | H407: 3 | I407: =G407+H407 -> 43 | J407: -6
A408: 407 | B408: 16.03.2022 0400-0500 | C408: 0.95778935 | D408: 4 | E408: (A)Bez zaworu | F408: 46 | G408: 28 | H408: 5 | I408: =G408+H408 -> 33 | J408: -18
A409: 408 | B409: 16.03.2022 0500-0600 | C409: 0.95782407 | D409: 4 | E409: (A)Bez zaworu | F409: 43 | G409: 23 | H409: 3 | I409: =G409+H409 -> 26 | J409: -20
A410: 409 | B410: 17.03.2022 0600-0700 | C410: 0.25037037 | D410: 3 | E410: (B)Nextgen, standard z zaworem | F410: 43 | G410: 35 | H410: 3 | I410: =G410+H410 -> 38 | J410: -8
A411: 410 | B411: 17.03.2022 0700-0800 | C411: 0.2505787 | D411: 3 | E411: (B)Nextgen, standard z zaworem | F411: 46 | G411: 40 | H411: 2 | I411: =G411+H411 -> 42 | J411: -6
A412: 411 | B412: 17.03.2022 0800-0900 | C412: 0.25059028 | D412: 3 | E412: (B)Nextgen, standard z zaworem | F412: 46 | G412: 40 | H412: 3 | I412: =G412+H412 -> 43 | J412: -6
A413: 412 | B413: 17.03.2022 0900-1000 | C413: 0.25060185 | D413: 3 | E413: (B)Nextgen, standard z zaworem | F413: 32 | G413: 26 | H413: 2 | I413: =G413+H413 -> 28 | J413: -6
... A465: 464 | B465: 22.03.2022 1300-1400 | C465: 0.25018519 | D465: 4 | E465: (A)Bez zaworu | F465: 43 | G465: 43 | H465: 1 | I465: =G465+H465 -> 44 | J465: 0
A466: 465 | B466: 22.03.2022 1400-1500 | C466: 0.62056713 | D466: 4 | E466: (A)Bez zaworu | F466: 43 | G466: 0 | I466: =G466+H466 -> 0 | J466: -43
A467: 466 | B467: 22.03.2022 1500-1600 | C467: 0.62039352 | D467: 4 | E467: (A)Bez zaworu | F467: 46 | G467: 0 | I467: =G467+H467 -> 0 | J467: -46
A468: 467 | B468: 22.03.2022 1600-1700 | C468: 0.62040509 | D468: 4 | E468: (A)Bez zaworu | F468: 46 | G468: 0 | I468: =G468+H468 -> 0 | J468: -46
A469: 468 | B469: 22.03.2022 1700-1800 | C469: 0.62041667 | D469: 4 | E469: (A)Bez zaworu | F469: 32 | G469: 0 | I469: =G469+H469 -> 0 | J469: -32
A470: 469 | B470: 22.03.2022 1800-1900 | C470: 0.62043981 | D470: 4 | E470: (A)Bez zaworu | F470: 46 | G470: 0 | I470: =G470+H470 -> 0 | J470: -46
A471: 470 | B471: 22.03.2022 1900-2000 | C471: 0.62045139 | D471: 4 | E471: (A)Bez zaworu | F471: 46 | G471: 0 | I471: =G471+H471 -> 0 | J471: -46
A472: 471 | B472: 22.03.2022 2000-2100 | C472: 0.62048611 | D472: 4 | E472: (A)Bez zaworu | F472: 46 | G472: 0 | I472: =G472+H472 -> 0 | J472: -46
A473: 472 | B473: 22.03.2022 2100-2200 | C473: 0.62050926 | D473: 4 | E473: (A)Bez zaworu | F473: 43 | G473: 0 | I473: =G473+H473 -> 0 | J473: -43
A474: 473 | B474: 22.03.2022 1400-1500 | C474: 0.62056713 | D474: 4 | E474: (A)Bez zaworu | F474: 43 | G474: 0 | I474: =G474+H474 -> 0 | J474: -43
A475: 474 | B475: 22.03.2022 1500-1600 | C475: 0.62039352 | D475: 4 | E475: (A)Bez zaworu | F475: 46 | G475: 0 | I475: =G475+H475 -> 0 | J475: -46
A476: 475 | B476: 22.03.2022 1600-1700 | C476: 0.62040509 | D476: 4 | E476: (A)Bez zaworu | F476: 46 | G476: 0 | I476: =G476+H476 -> 0 | J476: -46
A477: 476 | B477: 22.03.2022 1700-1800 | C477: 0.62041667 | D477: 4 | E477: (A)Bez zaworu | F477: 32 | G477: 0 | I477: =G477+H477 -> 0 | J477: -32
... A481: 480 | B481: 22.03.2022 2100-2200 | C481: 0.62050926 | D481: 4 | E481: (A)Bez zaworu | F481: 43 | G481: 0 | I481: =G481+H481 -> 0 | J481: -43
A482: 481 | B482: 22.03.2022 1400-1500 | C482: 0.62056713 | D482: 4 | E482: (A)Bez zaworu | F482: 43 | G482: 38 | H482: 5 | I482: =G482+H482 -> 43 | J482: -5
A483: 482 | B483: 22.03.2022 1500-1600 | C483: 0.62039352 | D483: 4 | E483: (A)Bez zaworu | F483: 46 | G483: 42 | H483: 11 | I483: =G483+H483 -> 53 | J483: -4
A484: 483 | B484: 22.03.2022 1600-1700 | C484: 0.62040509 | D484: 4 | E484: (A)Bez zaworu | F484: 46 | G484: 45 | H484: 9 | I484: =G484+H484 -> 54 | J484: -1
A485: 484 | B485: 22.03.2022 1700-1800 | C485: 0.62041667 | D485: 4 | E485: (A)Bez zaworu | F485: 32 | G485: 27 | H485: 6 | I485: =G485+H485 -> 33 | J485: -5
A486: 485 | B486: 22.03.2022 1800-1900 | C486: 0.62043981 | D486: 4 | E486: (A)Bez zaworu | F486: 46 | G486: 44 | H486: 5 | I486: =G486+H486 -> 49 | J486: -2
A487: 486 | B487: 22.03.2022 1900-2000 | C487: 0.62045139 | D487: 4 | E487: (A)Bez zaworu | F487: 46 | G487: 46 | H487: 7 | I487: =G487+H487 -> 53 | J487: 0
A488: 487 | B488: 22.03.2022 2000-2100 | C488: 0.62048611 | D488: 4 | E488: (A)Bez zaworu | F488: 46 | G488: 46 | H488: 6 | I488: =G488+H488 -> 52 | J488: 0
A489: 488 | B489: 22.03.2022 2100-2200 | C489: 0.62050926 | D489: 4 | E489: (A)Bez zaworu | F489: 43 | G489: 32 | H489: 5 | I489: =G489+H489 -> 37 | J489: -11
A490: 489 | B490: 23.03.2022 0600-0700 | C490: 0.25025463 | D490: 4 | E490: (A)Bez zaworu | F490: 43 | G490: 31 | H490: 4 | I490: =G490+H490 -> 35 | J490: -12
A491: 490 | B491: 23.03.2022 0700-0800 | C491: 0.25028935 | D491: 4 | E491: (A)Bez zaworu | F491: 46 | G491: 10 | H491: 3 | I491: =G491+H491 -> 13 | J491: -36
A492: 491 | B492: 23.03.2022 0800-0900 | C492: 0.2503125 | D492: 4 | E492: (A)Bez zaworu | F492: 46 | G492: 30 | H492: 0 | I492: =G492+H492 -> 30 | J492: -16
A493: 492 | B493: 23.03.2022 0900-1000 | C493: 0.25034722 | D493: 4 | E493: (A)Bez zaworu | F493: 32 | G493: 17 | H493: 0 | I493: =G493+H493 -> 17 | J493: -15
... A888: 887 | B888: 14.04.2022 2000-2100 | C888: 0.59799769 | D888: 4 | E888: Nextgen, standard | F888: 50 | G888: 42 | H888: 7 | I888: =G888+H888 -> 49 | J888: -8
A889: 888 | B889: 14.04.2022 2100-2200 | C889: 0.59800926 | D889: 4 | E889: Nextgen, standard | F889: 46 | G889: 36 | I889: =G889+H889 -> 36 | J889: -10
A890: 889 | B890: 14.04.2022 1400-1500 | C890: 0.91427083 | D890: 4 | E890: Nextgen, standard | F890: 46 | G890: 39 | H890: 2 | I890: =G890+H890 -> 41 | J890: -7
A891: 890 | B891: 14.04.2022 1500-1600 | C891: 0.9143287 | D891: 4 | E891: Nextgen, standard | F891: 50 | G891: 49 | H891: 2 | I891: =G891+H891 -> 51 | J891: -1
A892: 891 | B892: 14.04.2022 1600-1700 | C892: 0.91436343 | D892: 4 | E892: Nextgen, standard | F892: 50 | G892: 50 | H892: 0 | I892: =G892+H892 -> 50 | J892: 0
A893: 892 | B893: 14.04.2022 1700-1800 | C893: 0.91436343 | D893: 4 | E893: Nextgen, standard | F893: 33 | G893: 30 | H893: 1 | I893: =G893+H893 -> 31 | J893: -3
A894: 893 | B894: 14.04.2022 1800-1900 | C894: 0.914375 | D894: 4 | E894: Nextgen, standard | F894: 50 | G894: 50 | H894: 2 | I894: =G894+H894 -> 52 | J894: 0
A895: 894 | B895: 14.04.2022 1900-2000 | C895: 0.914375 | D895: 4 | E895: Nextgen, standard | F895: 50 | G895: 50 | H895: 1 | I895: =G895+H895 -> 51 | J895: 0
A896: 895 | B896: 14.04.2022 2000-2100 | C896: 0.91438657 | D896: 4 | E896: Nextgen, standard | F896: 50 | G896: 0 | H896: 0 | I896: =G896+H896 -> 0 | J896: -50
A897: 896 | B897: 14.04.2022 2100-2200 | C897: 0.9144213 | D897: 4 | E897: Nextgen, standard | F897: 46 | G897: 0 | H897: 0 | I897: =G897+H897 -> 0 | J897: -46
A898: 897 | B898: 19.04.2022 0600-0700 | C898: 0.24900463 | D898: 4 | E898: Nextgen, standard | F898: 46 | G898: 3 | H898: 1 | I898: =G898+H898 -> 4 | J898: -43
A899: 898 | B899: 19.04.2022 0700-0800 | C899: 0.24903935 | D899: 4 | E899: Nextgen, standard | F899: 50 | G899: 15 | H899: 0 | I899: =G899+H899 -> 15 | J899: -35
A900: 899 | B900: 19.04.2022 0800-0900 | C900: 0.24905093 | D900: 4 | E900: Nextgen, standard | F900: 50 | G900: 48 | H900: 5 | I900: =G900+H900 -> 53 | J900: -2
A901: 900 | B901: 19.04.2022 0900-1000 | C901: 0.24907407 | D901: 4 | E901: Nextgen, standard | F901: 33 | G901: 26 | H901: 2 | I901: =G901+H901 -> 28 | J901: -7
... A1752: 1751 | B1752: 10.06.2022 2000-2100 | C1752: 0.58329861 | D1752: 4 | E1752: Nextgen, standard | F1752: 50 | G1752: 50 | H1752: 0 | I1752: =G1752+H1752 -> 50 | J1752: 0
A1753: 1752 | B1753: 10.06.2022 2100-2200 | C1753: 0.58333333 | D1753: 4 | E1753: Nextgen, standard | F1753: 46 | G1753: 11 | I1753: =G1753+H1753 -> 11 | J1753: -35
A1754: 1753 | B1754: 10.06.2022 2200-2300 | C1754: 0.91795139 | D1754: 3 | E1754: Nextgen, standard | F1754: 34 | G1754: 8 | H1754: 5 | I1754: =G1754+H1754 -> 13 | J1754: -26
A1755: 1754 | B1755: 10.06.2022 2300-0000 | C1755: 0.91797454 | D1755: 3 | E1755: Nextgen, standard | F1755: 37 | G1755: 7 | H1755: 0 | I1755: =G1755+H1755 -> 7 | J1755: -30
A1756: 1755 | B1756: 10.06.2022 0000-0100 | C1756: 0.91798611 | D1756: 3 | E1756: Nextgen, standard | F1756: 37 | G1756: 3 | H1756: 0 | I1756: =G1756+H1756 -> 3 | J1756: -34
A1757: 1756 | B1757: 10.06.2022 0100-0200 | C1757: 0.91800926 | D1757: 3 | E1757: Nextgen, standard | F1757: 24 | G1757: 0 | H1757: 0 | I1757: =G1757+H1757 -> 0 | J1757: -24
A1758: 1757 | B1758: 10.06.2022 0200-0300 | C1758: 0.91803241 | D1758: 3 | E1758: Nextgen, standard | F1758: 37 | G1758: 29 | H1758: 4 | I1758: =G1758+H1758 -> 33 | J1758: -8
A1759: 1758 | B1759: 10.06.2022 0300-0400 | C1759: 0.91804398 | D1759: 3 | E1759: Nextgen, standard | F1759: 37 | G1759: 31 | H1759: 0 | I1759: =G1759+H1759 -> 31 | J1759: -6
A1760: 1759 | B1760: 10.06.2022 0400-0500 | C1760: 0.91806713 | D1760: 3 | E1760: Nextgen, standard | F1760: 37 | G1760: 31 | H1760: 1 | I1760: =G1760+H1760 -> 32 | J1760: -6
A1761: 1760 | B1761: 10.06.2022 0500-0600 | C1761: 0.91810185 | D1761: 3 | E1761: Nextgen, standard | F1761: 34 | G1761: 29 | H1761: 0 | I1761: =G1761+H1761 -> 29 | J1761: -5
A1762: 1761 | B1762: 13.06.2022 0600-0700 | C1762: 0.24856481 | D1762: 4 | E1762: Nextgen, standard | F1762: 46 | G1762: 35 | H1762: 4 | I1762: =G1762+H1762 -> 39 | J1762: -11
A1763: 1762 | B1763: 13.06.2022 0700-0800 | C1763: 0.24859954 | D1763: 4 | E1763: Nextgen, standard | F1763: 50 | G1763: 50 | H1763: 3 | I1763: =G1763+H1763 -> 53 | J1763: 0
A1764: 1763 | B1764: 13.06.2022 0800-0900 | C1764: 0.24863426 | D1764: 4 | E1764: Nextgen, standard | F1764: 50 | G1764: 50 | H1764: 0 | I1764: =G1764+H1764 -> 50 | J1764: 0
A1765: 1764 | B1765: 13.06.2022 0900-1000 | C1765: 0.24866898 | D1765: 4 | E1765: Nextgen, standard | F1765: 33 | G1765: 31 | H1765: 1 | I1765: =G1765+H1765 -> 32 | J1765: -2
... A1840: 1839 | B1840: 17.06.2022 1200-1300 | C1840: 0.46013889 | D1840: 4 | E1840: Nextgen, standard | F1840: 50 | G1840: 48 | H1840: 5 | I1840: =G1840+H1840 -> 53 | J1840: -2
A1841: 1840 | B1841: 17.06.2022 1300-1400 | C1841: 0.57619213 | D1841: 4 | E1841: Nextgen, z łożyskiem | F1841: 38 | G1841: 35 | I1841: =G1841+H1841 -> #VALUE! | J1841: -3
A1842: 1841 | B1842: 20.06.2022 0600-0700 | C1842: 0.24862269 | D1842: 4 | E1842: Nextgen, z łożyskiem | F1842: 38 | G1842: 15 | H1842: 2 | I1842: =G1842+H1842 -> 17 | J1842: -23
A1843: 1842 | B1843: 20.06.2022 0700-0800 | C1843: 0.24865741 | D1843: 4 | E1843: Nextgen, z łożyskiem | F1843: 42 | G1843: 42 | H1843: 3 | I1843: =G1843+H1843 -> 45 | J1843: 0
A1844: 1843 | B1844: 20.06.2022 0800-0900 | C1844: 0.51290509 | D1844: 4 | E1844: Nextgen, z łożyskiem | F1844: 42 | G1844: 35 | H1844: 3 | I1844: =G1844+H1844 -> 38 | J1844: -7
A1845: 1844 | B1845: 20.06.2022 0900-1000 | C1845: 0.51284722 | D1845: 4 | E1845: Nextgen, standard | F1845: 33 | G1845: 23 | H1845: 3 | I1845: =G1845+H1845 -> 26 | J1845: -10
...

Sheet Awarie WORK2
F1: Klucz obcy | G1: Grupa_bledu | H1: Podgrupa_bledu | M1: Suma całego czasu straconego na przestoje w ciągu tygodnia 19-25.05.2023 | N1: Suma całego czasu straconego na przestoje DUR w ciągu tygodnia 19-25.05.2023 | O1: problemy IT | P1: Problemy Jakość | Q1: Ogólne linia | R1: szkolenia | S1: Procent awari | T1: Procent IT | U1: Procent Jakości | V1: Procent Ogólny | W1: Procent szkolenia
A2: 45072.227 | B2: 26.05.2023 | C2: 0.22708333 | D2: =IF(AND(C2>=TIME(0,0,0),C2<TIME(1,0,0)),"0000-0100", IF(AND(C2>=TIME(1,0,0),C2<TIME(2,0,0)),"0100-0200", IF(AND(C2>=TIME(2,0,0),C2<TIME(3,0,0)),"0200-0300", IF(AND(C2>=TIME(3,0,0),C2<TIME(4,0,0)),"0300-0400", IF(AND(C2>=TIME(4,0,0),C2<TIME(5,0,0)),"0400-0500", IF(AND(C2>=TIME(5,0,0),C2<TIME(6,0,0)),"0500-0600", IF(AND(C2>=TIME(6,0,0),C2<TIME(7,0,0)),"0600-0700", IF(AND(C2>=TIME(7,0,0),C2<TIME(8,0,0)),"0700-0800", IF(AND(C2>=TIME(8,0,0),C2<TIME(9,0,0)),"0800-0900", IF(AND(C2>=TIME(9,0,0),C2<TIME(10,0,0)),"0900-1000", IF(AND(C2>=TIME(10,0,0),C2<TIME(11,0,0)),"1000-1100", IF(AND(C2>=TIME(11,0,0),C2<TIME(12,0,0)),"1100-1200", IF(AND(C2>=TIME(12,0,0),C2<TIME(13,0,0)),"1200-1300", IF(AND(C2>=TIME(13,0,0),C2<TIME(14,0,0)),"1300-1400", IF(AND(C2>=TIME(14,0,0),C2<TIME(15,0,0)),"1400-1500", IF(AND(C2>=TIME(15,0,0),C2<TIME(16,0,0)),"1500-1600", IF(AND(C2>=TIME(16,0,0),C2<TIME(17,0,0)),"1600-1700", IF(AND(C2>=TIME(17,0,0),C2<TIME(18,0,0)),"1700-1800", IF(AND(C2>=TIME(18,0,0),C2<TIME(19,0,0)),"1800-1900", IF(AND(C2>=TIME(19,0,0),C2<TIME(20,0,0)),"1900-2000", IF(AND(C2>=TIME(20,0,0),C2<TIME(21,0,0)),"2000-2100", IF(AND(C2>=TIME(21,0,0),C2<TIME(22,0,0)),"2100-2200", IF(AND(C2>=TIME(22,0,0),C2<TIME(23,0,0)),"2200-2300", IF(AND(C2>=TIME(23,0,0),C2<TIME(24,0,0)),"2300-0000","Invalid Time")))))))))))))))))))))))) -> 0500-0600 | E2: 0500-0600 | F2: =_xlfn.CONCAT(B2," ",E2) -> 26.05.2023 0500-0600 | G2: Ogolne_Linia | H2: zapełnianie linii | J2: 10 | M2: =SUM(J2:J108) -> 2232 | N2: 1830 | O2: 30 | P2: 16 | Q2: 238 | R2: 118 | S2: =(N2/M2)*100 -> 81.989247 | T2: =(O2/M2)*100 -> 1.344086 | U2: =(P2/M2)*100 -> 0.71684588 | V2: =(Q2/M2)*100 -> 10.663082 | W2: =(R2/M2)*100 -> 5.2867384 | X2: =SUM(S2:W2) -> 100
A3: 45072.225 | B3: 26.05.2023 | C3: 0.225 | D3: =IF(AND(C3>=TIME(0,0,0),C3<TIME(1,0,0)),"0000-0100", IF(AND(C3>=TIME(1,0,0),C3<TIME(2,0,0)),"0100-0200", IF(AND(C3>=TIME(2,0,0),C3<TIME(3,0,0)),"0200-0300", IF(AND(C3>=TIME(3,0,0),C3<TIME(4,0,0)),"0300-0400", IF(AND(C3>=TIME(4,0,0),C3<TIME(5,0,0)),"0400-0500", IF(AND(C3>=TIME(5,0,0),C3<TIME(6,0,0)),"0500-0600", IF(AND(C3>=TIME(6,0,0),C3<TIME(7,0,0)),"0600-0700", IF(AND(C3>=TIME(7,0,0),C3<TIME(8,0,0)),"0700-0800", IF(AND(C3>=TIME(8,0,0),C3<TIME(9,0,0)),"0800-0900", IF(AND(C3>=TIME(9,0,0),C3<TIME(10,0,0)),"0900-1000", IF(AND(C3>=TIME(10,0,0),C3<TIME(11,0,0)),"1000-1100", IF(AND(C3>=TIME(11,0,0),C3<TIME(12,0,0)),"1100-1200", IF(AND(C3>=TIME(12,0,0),C3<TIME(13,0,0)),"1200-1300", IF(AND(C3>=TIME(13,0,0),C3<TIME(14,0,0)),"1300-1400", IF(AND(C3>=TIME(14,0,0),C3<TIME(15,0,0)),"1400-1500", IF(AND(C3>=TIME(15,0,0),C3<TIME(16,0,0)),"1500-1600", IF(AND(C3>=TIME(16,0,0),C3<TIME(17,0,0)),"1600-1700", IF(AND(C3>=TIME(17,0,0),C3<TIME(18,0,0)),"1700-1800", IF(AND(C3>=TIME(18,0,0),C3<TIME(19,0,0)),"1800-1900", IF(AND(C3>=TIME(19,0,0),C3<TIME(20,0,0)),"1900-2000", IF(AND(C3>=TIME(20,0,0),C3<TIME(21,0,0)),"2000-2100", IF(AND(C3>=TIME(21,0,0),C3<TIME(22,0,0)),"2100-2200", IF(AND(C3>=TIME(22,0,0),C3<TIME(23,0,0)),"2200-2300", IF(AND(C3>=TIME(23,0,0),C3<TIME(24,0,0)),"2300-0000","Invalid Time")))))))))))))))))))))))) -> 0500-0600 | E3: 0500-0600 | F3: =_xlfn.CONCAT(B3," ",E3) -> 26.05.2023 0500-0600 | G3: Przegląd_Serwis | H3: wymiana papieru w drukarce | I3: kalka | J3: 20 | M3: Suma stracenego czasu | N3: Awarie | O3: IT | P3: Jakość | Q3: Ogólne | R3: Szkolenia
A4: 45072.112 | B4: 26.05.2023 | C4: 0.11180556 | D4: =IF(AND(C4>=TIME(0,0,0),C4<TIME(1,0,0)),"0000-0100", IF(AND(C4>=TIME(1,0,0),C4<TIME(2,0,0)),"0100-0200", IF(AND(C4>=TIME(2,0,0),C4<TIME(3,0,0)),"0200-0300", IF(AND(C4>=TIME(3,0,0),C4<TIME(4,0,0)),"0300-0400", IF(AND(C4>=TIME(4,0,0),C4<TIME(5,0,0)),"0400-0500", IF(AND(C4>=TIME(5,0,0),C4<TIME(6,0,0)),"0500-0600", IF(AND(C4>=TIME(6,0,0),C4<TIME(7,0,0)),"0600-0700", IF(AND(C4>=TIME(7,0,0),C4<TIME(8,0,0)),"0700-0800", IF(AND(C4>=TIME(8,0,0),C4<TIME(9,0,0)),"0800-0900", IF(AND(C4>=TIME(9,0,0),C4<TIME(10,0,0)),"0900-1000", IF(AND(C4>=TIME(10,0,0),C4<TIME(11,0,0)),"1000-1100", IF(AND(C4>=TIME(11,0,0),C4<TIME(12,0,0)),"1100-1200", IF(AND(C4>=TIME(12,0,0),C4<TIME(13,0,0)),"1200-1300", IF(AND(C4>=TIME(13,0,0),C4<TIME(14,0,0)),"1300-1400", IF(AND(C4>=TIME(14,0,0),C4<TIME(15,0,0)),"1400-1500", IF(AND(C4>=TIME(15,0,0),C4<TIME(16,0,0)),"1500-1600", IF(AND(C4>=TIME(16,0,0),C4<TIME(17,0,0)),"1600-1700", IF(AND(C4>=TIME(17,0,0),C4<TIME(18,0,0)),"1700-1800", IF(AND(C4>=TIME(18,0,0),C4<TIME(19,0,0)),"1800-1900", IF(AND(C4>=TIME(19,0,0),C4<TIME(20,0,0)),"1900-2000", IF(AND(C4>=TIME(20,0,0),C4<TIME(21,0,0)),"2000-2100", IF(AND(C4>=TIME(21,0,0),C4<TIME(22,0,0)),"2100-2200", IF(AND(C4>=TIME(22,0,0),C4<TIME(23,0,0)),"2200-2300", IF(AND(C4>=TIME(23,0,0),C4<TIME(24,0,0)),"2300-0000","Invalid Time")))))))))))))))))))))))) -> 0200-0300 | E4: 0200-0300 | F4: =_xlfn.CONCAT(B4," ",E4) -> 26.05.2023 0200-0300 | G4: Przegląd_Serwis | H4: interwencja DUR | J4: 20 | M4: =M2/60 -> 37.2 | N4: =N2/60 -> 30.5 | O4: =O2/60 -> 0.5 | P4: =P2/60 -> 0.26666667 | Q4: =Q2/60 -> 3.9666667 | R4: =R2/60 -> 1.9666667
A5: 45072.09 | B5: 26.05.2023 | C5: 0.089583333 | D5: =IF(AND(C5>=TIME(0,0,0),C5<TIME(1,0,0)),"0000-0100", IF(AND(C5>=TIME(1,0,0),C5<TIME(2,0,0)),"0100-0200", IF(AND(C5>=TIME(2,0,0),C5<TIME(3,0,0)),"0200-0300", IF(AND(C5>=TIME(3,0,0),C5<TIME(4,0,0)),"0300-0400", IF(AND(C5>=TIME(4,0,0),C5<TIME(5,0,0)),"0400-0500", IF(AND(C5>=TIME(5,0,0),C5<TIME(6,0,0)),"0500-0600", IF(AND(C5>=TIME(6,0,0),C5<TIME(7,0,0)),"0600-0700", IF(AND(C5>=TIME(7,0,0),C5<TIME(8,0,0)),"0700-0800", IF(AND(C5>=TIME(8,0,0),C5<TIME(9,0,0)),"0800-0900", IF(AND(C5>=TIME(9,0,0),C5<TIME(10,0,0)),"0900-1000", IF(AND(C5>=TIME(10,0,0),C5<TIME(11,0,0)),"1000-1100", IF(AND(C5>=TIME(11,0,0),C5<TIME(12,0,0)),"1100-1200", IF(AND(C5>=TIME(12,0,0),C5<TIME(13,0,0)),"1200-1300", IF(AND(C5>=TIME(13,0,0),C5<TIME(14,0,0)),"1300-1400", IF(AND(C5>=TIME(14,0,0),C5<TIME(15,0,0)),"1400-1500", IF(AND(C5>=TIME(15,0,0),C5<TIME(16,0,0)),"1500-1600", IF(AND(C5>=TIME(16,0,0),C5<TIME(17,0,0)),"1600-1700", IF(AND(C5>=TIME(17,0,0),C5<TIME(18,0,0)),"1700-1800", IF(AND(C5>=TIME(18,0,0),C5<TIME(19,0,0)),"1800-1900", IF(AND(C5>=TIME(19,0,0),C5<TIME(20,0,0)),"1900-2000", IF(AND(C5>=TIME(20,0,0),C5<TIME(21,0,0)),"2000-2100", IF(AND(C5>=TIME(21,0,0),C5<TIME(22,0,0)),"2100-2200", IF(AND(C5>=TIME(22,0,0),C5<TIME(23,0,0)),"2200-2300", IF(AND(C5>=TIME(23,0,0),C5<TIME(24,0,0)),"2300-0000","Invalid Time")))))))))))))))))))))))) -> 0200-0300 | E5: 0200-0300 | F5: =_xlfn.CONCAT(B5," ",E5) -> 26.05.2023 0200-0300 | G5: Awaria | H5: stacja 50 - test szczelności | I5: Duzyj odpad motorow | J5: 40
A6: 45071.919 | B6: 25.05.2023 | C6: 0.91875 | D6: =IF(AND(C6>=TIME(0,0,0),C6<TIME(1,0,0)),"0000-0100", IF(AND(C6>=TIME(1,0,0),C6<TIME(2,0,0)),"0100-0200", IF(AND(C6>=TIME(2,0,0),C6<TIME(3,0,0)),"0200-0300", IF(AND(C6>=TIME(3,0,0),C6<TIME(4,0,0)),"0300-0400", IF(AND(C6>=TIME(4,0,0),C6<TIME(5,0,0)),"0400-0500", IF(AND(C6>=TIME(5,0,0),C6<TIME(6,0,0)),"0500-0600", IF(AND(C6>=TIME(6,0,0),C6<TIME(7,0,0)),"0600-0700", IF(AND(C6>=TIME(7,0,0),C6<TIME(8,0,0)),"0700-0800", IF(AND(C6>=TIME(8,0,0),C6<TIME(9,0,0)),"0800-0900", IF(AND(C6>=TIME(9,0,0),C6<TIME(10,0,0)),"0900-1000", IF(AND(C6>=TIME(10,0,0),C6<TIME(11,0,0)),"1000-1100", IF(AND(C6>=TIME(11,0,0),C6<TIME(12,0,0)),"1100-1200", IF(AND(C6>=TIME(12,0,0),C6<TIME(13,0,0)),"1200-1300", IF(AND(C6>=TIME(13,0,0),C6<TIME(14,0,0)),"1300-1400", IF(AND(C6>=TIME(14,0,0),C6<TIME(15,0,0)),"1400-1500", IF(AND(C6>=TIME(15,0,0),C6<TIME(16,0,0)),"1500-1600", IF(AND(C6>=TIME(16,0,0),C6<TIME(17,0,0)),"1600-1700", IF(AND(C6>=TIME(17,0,0),C6<TIME(18,0,0)),"1700-1800", IF(AND(C6>=TIME(18,0,0),C6<TIME(19,0,0)),"1800-1900", IF(AND(C6>=TIME(19,0,0),C6<TIME(20,0,0)),"1900-2000", IF(AND(C6>=TIME(20,0,0),C6<TIME(21,0,0)),"2000-2100", IF(AND(C6>=TIME(21,0,0),C6<TIME(22,0,0)),"2100-2200", IF(AND(C6>=TIME(22,0,0),C6<TIME(23,0,0)),"2200-2300", IF(AND(C6>=TIME(23,0,0),C6<TIME(24,0,0)),"2300-0000","Invalid Time")))))))))))))))))))))))) -> 2200-2300 | E6: 2200-2300 | F6: =_xlfn.CONCAT(B6," ",E6) -> 25.05.2023 2200-2300 | G6: Ogolne_Linia | H6: zapełnianie linii | I6: testy | J6: 10
A7: 45071.908 | B7: 25.05.2023 | C7: 0.90833333 | D7: =IF(AND(C7>=TIME(0,0,0),C7<TIME(1,0,0)),"0000-0100", IF(AND(C7>=TIME(1,0,0),C7<TIME(2,0,0)),"0100-0200", IF(AND(C7>=TIME(2,0,0),C7<TIME(3,0,0)),"0200-0300", IF(AND(C7>=TIME(3,0,0),C7<TIME(4,0,0)),"0300-0400", IF(AND(C7>=TIME(4,0,0),C7<TIME(5,0,0)),"0400-0500", IF(AND(C7>=TIME(5,0,0),C7<TIME(6,0,0)),"0500-0600", IF(AND(C7>=TIME(6,0,0),C7<TIME(7,0,0)),"0600-0700", IF(AND(C7>=TIME(7,0,0),C7<TIME(8,0,0)),"0700-0800", IF(AND(C7>=TIME(8,0,0),C7<TIME(9,0,0)),"0800-0900", IF(AND(C7>=TIME(9,0,0),C7<TIME(10,0,0)),"0900-1000", IF(AND(C7>=TIME(10,0,0),C7<TIME(11,0,0)),"1000-1100", IF(AND(C7>=TIME(11,0,0),C7<TIME(12,0,0)),"1100-1200", IF(AND(C7>=TIME(12,0,0),C7<TIME(13,0,0)),"1200-1300", IF(AND(C7>=TIME(13,0,0),C7<TIME(14,0,0)),"1300-1400", IF(AND(C7>=TIME(14,0,0),C7<TIME(15,0,0)),"1400-1500", IF(AND(C7>=TIME(15,0,0),C7<TIME(16,0,0)),"1500-1600", IF(AND(C7>=TIME(16,0,0),C7<TIME(17,0,0)),"1600-1700", IF(AND(C7>=TIME(17,0,0),C7<TIME(18,0,0)),"1700-1800", IF(AND(C7>=TIME(18,0,0),C7<TIME(19,0,0)),"1800-1900", IF(AND(C7>=TIME(19,0,0),C7<TIME(20,0,0)),"1900-2000", IF(AND(C7>=TIME(20,0,0),C7<TIME(21,0,0)),"2000-2100", IF(AND(C7>=TIME(21,0,0),C7<TIME(22,0,0)),"2100-2200", IF(AND(C7>=TIME(22,0,0),C7<TIME(23,0,0)),"2200-2300", IF(AND(C7>=TIME(23,0,0),C7<TIME(24,0,0)),"2300-0000","Invalid Time")))))))))))))))))))))))) -> 2100-2200 | E7: 2100-2200 | F7: =_xlfn.CONCAT(B7," ",E7) -> 25.05.2023 2100-2200 | G7: Ogolne_Linia | H7: dodatkowa przerwa | I7: dla dwóch operatorów | J7: 10
A8: 45071.833 | B8: 25.05.2023 | C8: 0.83333333 | D8: =IF(AND(C8>=TIME(0,0,0),C8<TIME(1,0,0)),"0000-0100", IF(AND(C8>=TIME(1,0,0),C8<TIME(2,0,0)),"0100-0200", IF(AND(C8>=TIME(2,0,0),C8<TIME(3,0,0)),"0200-0300", IF(AND(C8>=TIME(3,0,0),C8<TIME(4,0,0)),"0300-0400", IF(AND(C8>=TIME(4,0,0),C8<TIME(5,0,0)),"0400-0500", IF(AND(C8>=TIME(5,0,0),C8<TIME(6,0,0)),"0500-0600", IF(AND(C8>=TIME(6,0,0),C8<TIME(7,0,0)),"0600-0700", IF(AND(C8>=TIME(7,0,0),C8<TIME(8,0,0)),"0700-0800", IF(AND(C8>=TIME(8,0,0),C8<TIME(9,0,0)),"0800-0900", IF(AND(C8>=TIME(9,0,0),C8<TIME(10,0,0)),"0900-1000", IF(AND(C8>=TIME(10,0,0),C8<TIME(11,0,0)),"1000-1100", IF(AND(C8>=TIME(11,0,0),C8<TIME(12,0,0)),"1100-1200", IF(AND(C8>=TIME(12,0,0),C8<TIME(13,0,0)),"1200-1300", IF(AND(C8>=TIME(13,0,0),C8<TIME(14,0,0)),"1300-1400", IF(AND(C8>=TIME(14,0,0),C8<TIME(15,0,0)),"1400-1500", IF(AND(C8>=TIME(15,0,0),C8<TIME(16,0,0)),"1500-1600", IF(AND(C8>=TIME(16,0,0),C8<TIME(17,0,0)),"1600-1700", IF(AND(C8>=TIME(17,0,0),C8<TIME(18,0,0)),"1700-1800", IF(AND(C8>=TIME(18,0,0),C8<TIME(19,0,0)),"1800-1900", IF(AND(C8>=TIME(19,0,0),C8<TIME(20,0,0)),"1900-2000", IF(AND(C8>=TIME(20,0,0),C8<TIME(21,0,0)),"2000-2100", IF(AND(C8>=TIME(21,0,0),C8<TIME(22,0,0)),"2100-2200", IF(AND(C8>=TIME(22,0,0),C8<TIME(23,0,0)),"2200-2300", IF(AND(C8>=TIME(23,0,0),C8<TIME(24,0,0)),"2300-0000","Invalid Time")))))))))))))))))))))))) -> 2000-2100 | E8: 2000-2100 | F8: =_xlfn.CONCAT(B8," ",E8) -> 25.05.2023 2000-2100 | G8: Awaria | H8: stacja 20 - praska | I8: zabłokowany korpus.Użyto sciągacza | J8: 6 | M8: 25.05.2023 3
A9: 45071.717 | B9: 25.05.2023 | C9: 0.71666667 | D9: =IF(AND(C9>=TIME(0,0,0),C9<TIME(1,0,0)),"0000-0100", IF(AND(C9>=TIME(1,0,0),C9<TIME(2,0,0)),"0100-0200", IF(AND(C9>=TIME(2,0,0),C9<TIME(3,0,0)),"0200-0300", IF(AND(C9>=TIME(3,0,0),C9<TIME(4,0,0)),"0300-0400", IF(AND(C9>=TIME(4,0,0),C9<TIME(5,0,0)),"0400-0500", IF(AND(C9>=TIME(5,0,0),C9<TIME(6,0,0)),"0500-0600", IF(AND(C9>=TIME(6,0,0),C9<TIME(7,0,0)),"0600-0700", IF(AND(C9>=TIME(7,0,0),C9<TIME(8,0,0)),"0700-0800", IF(AND(C9>=TIME(8,0,0),C9<TIME(9,0,0)),"0800-0900", IF(AND(C9>=TIME(9,0,0),C9<TIME(10,0,0)),"0900-1000", IF(AND(C9>=TIME(10,0,0),C9<TIME(11,0,0)),"1000-1100", IF(AND(C9>=TIME(11,0,0),C9<TIME(12,0,0)),"1100-1200", IF(AND(C9>=TIME(12,0,0),C9<TIME(13,0,0)),"1200-1300", IF(AND(C9>=TIME(13,0,0),C9<TIME(14,0,0)),"1300-1400", IF(AND(C9>=TIME(14,0,0),C9<TIME(15,0,0)),"1400-1500", IF(AND(C9>=TIME(15,0,0),C9<TIME(16,0,0)),"1500-1600", IF(AND(C9>=TIME(16,0,0),C9<TIME(17,0,0)),"1600-1700", IF(AND(C9>=TIME(17,0,0),C9<TIME(18,0,0)),"1700-1800", IF(AND(C9>=TIME(18,0,0),C9<TIME(19,0,0)),"1800-1900", IF(AND(C9>=TIME(19,0,0),C9<TIME(20,0,0)),"1900-2000", IF(AND(C9>=TIME(20,0,0),C9<TIME(21,0,0)),"2000-2100", IF(AND(C9>=TIME(21,0,0),C9<TIME(22,0,0)),"2100-2200", IF(AND(C9>=TIME(22,0,0),C9<TIME(23,0,0)),"2200-2300", IF(AND(C9>=TIME(23,0,0),C9<TIME(24,0,0)),"2300-0000","Invalid Time")))))))))))))))))))))))) -> 1700-1800 | E9: 1700-1800 | F9: =_xlfn.CONCAT(B9," ",E9) -> 25.05.2023 1700-1800 | G9: Przegląd_Serwis | H9: interwencja DUR | I9: drugi adapter do regeneracji 420895 | J9: 15 | M9: 25.05.2023 2
A10: 45071.699 | B10: 25.05.2023 | C10: 0.69861111 | D10: =IF(AND(C10>=TIME(0,0,0),C10<TIME(1,0,0)),"0000-0100", IF(AND(C10>=TIME(1,0,0),C10<TIME(2,0,0)),"0100-0200", IF(AND(C10>=TIME(2,0,0),C10<TIME(3,0,0)),"0200-0300", IF(AND(C10>=TIME(3,0,0),C10<TIME(4,0,0)),"0300-0400", IF(AND(C10>=TIME(4,0,0),C10<TIME(5,0,0)),"0400-0500", IF(AND(C10>=TIME(5,0,0),C10<TIME(6,0,0)),"0500-0600", IF(AND(C10>=TIME(6,0,0),C10<TIME(7,0,0)),"0600-0700", IF(AND(C10>=TIME(7,0,0),C10<TIME(8,0,0)),"0700-0800", IF(AND(C10>=TIME(8,0,0),C10<TIME(9,0,0)),"0800-0900", IF(AND(C10>=TIME(9,0,0),C10<TIME(10,0,0)),"0900-1000", IF(AND(C10>=TIME(10,0,0),C10<TIME(11,0,0)),"1000-1100", IF(AND(C10>=TIME(11,0,0),C10<TIME(12,0,0)),"1100-1200", IF(AND(C10>=TIME(12,0,0),C10<TIME(13,0,0)),"1200-1300", IF(AND(C10>=TIME(13,0,0),C10<TIME(14,0,0)),"1300-1400", IF(AND(C10>=TIME(14,0,0),C10<TIME(15,0,0)),"1400-1500", IF(AND(C10>=TIME(15,0,0),C10<TIME(16,0,0)),"1500-1600", IF(AND(C10>=TIME(16,0,0),C10<TIME(17,0,0)),"1600-1700", IF(AND(C10>=TIME(17,0,0),C10<TIME(18,0,0)),"1700-1800", IF(AND(C10>=TIME(18,0,0),C10<TIME(19,0,0)),"1800-1900", IF(AND(C10>=TIME(19,0,0),C10<TIME(20,0,0)),"1900-2000", IF(AND(C10>=TIME(20,0,0),C10<TIME(21,0,0)),"2000-2100", IF(AND(C10>=TIME(21,0,0),C10<TIME(22,0,0)),"2100-2200", IF(AND(C10>=TIME(22,0,0),C10<TIME(23,0,0)),"2200-2300", IF(AND(C10>=TIME(23,0,0),C10<TIME(24,0,0)),"2300-0000","Invalid Time")))))))))))))))))))))))) -> 1600-1700 | E10: 1600-1700 | F10: =_xlfn.CONCAT(B10," ",E10) -> 25.05.2023 1600-1700 | G10: Awaria | H10: stacja 60 - cell 2 | I10: error Log.Zabłokowany motor w stacji.Brak możliwośći wyszarpania go ze stacji hydraulicznej.Oczekiwanie na DUR | J10: 26 | M10: 25.05.2023 1
A11: 45071.669 | B11: 25.05.2023 | C11: 0.66944444 | D11: =IF(AND(C11>=TIME(0,0,0),C11<TIME(1,0,0)),"0000-0100", IF(AND(C11>=TIME(1,0,0),C11<TIME(2,0,0)),"0100-0200", IF(AND(C11>=TIME(2,0,0),C11<TIME(3,0,0)),"0200-0300", IF(AND(C11>=TIME(3,0,0),C11<TIME(4,0,0)),"0300-0400", IF(AND(C11>=TIME(4,0,0),C11<TIME(5,0,0)),"0400-0500", IF(AND(C11>=TIME(5,0,0),C11<TIME(6,0,0)),"0500-0600", IF(AND(C11>=TIME(6,0,0),C11<TIME(7,0,0)),"0600-0700", IF(AND(C11>=TIME(7,0,0),C11<TIME(8,0,0)),"0700-0800", IF(AND(C11>=TIME(8,0,0),C11<TIME(9,0,0)),"0800-0900", IF(AND(C11>=TIME(9,0,0),C11<TIME(10,0,0)),"0900-1000", IF(AND(C11>=TIME(10,0,0),C11<TIME(11,0,0)),"1000-1100", IF(AND(C11>=TIME(11,0,0),C11<TIME(12,0,0)),"1100-1200", IF(AND(C11>=TIME(12,0,0),C11<TIME(13,0,0)),"1200-1300", IF(AND(C11>=TIME(13,0,0),C11<TIME(14,0,0)),"1300-1400", IF(AND(C11>=TIME(14,0,0),C11<TIME(15,0,0)),"1400-1500", IF(AND(C11>=TIME(15,0,0),C11<TIME(16,0,0)),"1500-1600", IF(AND(C11>=TIME(16,0,0),C11<TIME(17,0,0)),"1600-1700", IF(AND(C11>=TIME(17,0,0),C11<TIME(18,0,0)),"1700-1800", IF(AND(C11>=TIME(18,0,0),C11<TIME(19,0,0)),"1800-1900", IF(AND(C11>=TIME(19,0,0),C11<TIME(20,0,0)),"1900-2000", IF(AND(C11>=TIME(20,0,0),C11<TIME(21,0,0)),"2000-2100", IF(AND(C11>=TIME(21,0,0),C11<TIME(22,0,0)),"2100-2200", IF(AND(C11>=TIME(22,0,0),C11<TIME(23,0,0)),"2200-2300", IF(AND(C11>=TIME(23,0,0),C11<TIME(24,0,0)),"2300-0000","Invalid Time")))))))))))))))))))))))) -> 1600-1700 | E11: 1600-1700 | F11: =_xlfn.CONCAT(B11," ",E11) -> 25.05.2023 1600-1700 | G11: Awaria | H11: stacja 60 - cell 2 | I11: ułamany klucz w adapterze 429895,oddany do regeneracji | J11: 8 | M11: 24.05.2023 3
A12: 45071.656 | B12: 25.05.2023 | C12: 0.65625 | D12: =IF(AND(C12>=TIME(0,0,0),C12<TIME(1,0,0)),"0000-0100", IF(AND(C12>=TIME(1,0,0),C12<TIME(2,0,0)),"0100-0200", IF(AND(C12>=TIME(2,0,0),C12<TIME(3,0,0)),"0200-0300", IF(AND(C12>=TIME(3,0,0),C12<TIME(4,0,0)),"0300-0400", IF(AND(C12>=TIME(4,0,0),C12<TIME(5,0,0)),"0400-0500", IF(AND(C12>=TIME(5,0,0),C12<TIME(6,0,0)),"0500-0600", IF(AND(C12>=TIME(6,0,0),C12<TIME(7,0,0)),"0600-0700", IF(AND(C12>=TIME(7,0,0),C12<TIME(8,0,0)),"0700-0800", IF(AND(C12>=TIME(8,0,0),C12<TIME(9,0,0)),"0800-0900", IF(AND(C12>=TIME(9,0,0),C12<TIME(10,0,0)),"0900-1000", IF(AND(C12>=TIME(10,0,0),C12<TIME(11,0,0)),"1000-1100", IF(AND(C12>=TIME(11,0,0),C12<TIME(12,0,0)),"1100-1200", IF(AND(C12>=TIME(12,0,0),C12<TIME(13,0,0)),"1200-1300", IF(AND(C12>=TIME(13,0,0),C12<TIME(14,0,0)),"1300-1400", IF(AND(C12>=TIME(14,0,0),C12<TIME(15,0,0)),"1400-1500", IF(AND(C12>=TIME(15,0,0),C12<TIME(16,0,0)),"1500-1600", IF(AND(C12>=TIME(16,0,0),C12<TIME(17,0,0)),"1600-1700", IF(AND(C12>=TIME(17,0,0),C12<TIME(18,0,0)),"1700-1800", IF(AND(C12>=TIME(18,0,0),C12<TIME(19,0,0)),"1800-1900", IF(AND(C12>=TIME(19,0,0),C12<TIME(20,0,0)),"1900-2000", IF(AND(C12>=TIME(20,0,0),C12<TIME(21,0,0)),"2000-2100", IF(AND(C12>=TIME(21,0,0),C12<TIME(22,0,0)),"2100-2200", IF(AND(C12>=TIME(22,0,0),C12<TIME(23,0,0)),"2200-2300", IF(AND(C12>=TIME(23,0,0),C12<TIME(24,0,0)),"2300-0000","Invalid Time")))))))))))))))))))))))) -> 1500-1600 | E12: 1500-1600 | F12: =_xlfn.CONCAT(B12," ",E12) -> 25.05.2023 1500-1600 | G12: Szkolenie_Spotkanie | H12: spotkanie z koordynatorem | J12: 8 | M12: 24.05.2023 2
A13: 45071.605 | B13: 25.05.2023 | C13: 0.60486111 | D13: =IF(AND(C13>=TIME(0,0,0),C13<TIME(1,0,0)),"0000-0100", IF(AND(C13>=TIME(1,0,0),C13<TIME(2,0,0)),"0100-0200", IF(AND(C13>=TIME(2,0,0),C13<TIME(3,0,0)),"0200-0300", IF(AND(C13>=TIME(3,0,0),C13<TIME(4,0,0)),"0300-0400", IF(AND(C13>=TIME(4,0,0),C13<TIME(5,0,0)),"0400-0500", IF(AND(C13>=TIME(5,0,0),C13<TIME(6,0,0)),"0500-0600", IF(AND(C13>=TIME(6,0,0),C13<TIME(7,0,0)),"0600-0700", IF(AND(C13>=TIME(7,0,0),C13<TIME(8,0,0)),"0700-0800", IF(AND(C13>=TIME(8,0,0),C13<TIME(9,0,0)),"0800-0900", IF(AND(C13>=TIME(9,0,0),C13<TIME(10,0,0)),"0900-1000", IF(AND(C13>=TIME(10,0,0),C13<TIME(11,0,0)),"1000-1100", IF(AND(C13>=TIME(11,0,0),C13<TIME(12,0,0)),"1100-1200", IF(AND(C13>=TIME(12,0,0),C13<TIME(13,0,0)),"1200-1300", IF(AND(C13>=TIME(13,0,0),C13<TIME(14,0,0)),"1300-1400", IF(AND(C13>=TIME(14,0,0),C13<TIME(15,0,0)),"1400-1500", IF(AND(C13>=TIME(15,0,0),C13<TIME(16,0,0)),"1500-1600", IF(AND(C13>=TIME(16,0,0),C13<TIME(17,0,0)),"1600-1700", IF(AND(C13>=TIME(17,0,0),C13<TIME(18,0,0)),"1700-1800", IF(AND(C13>=TIME(18,0,0),C13<TIME(19,0,0)),"1800-1900", IF(AND(C13>=TIME(19,0,0),C13<TIME(20,0,0)),"1900-2000", IF(AND(C13>=TIME(20,0,0),C13<TIME(21,0,0)),"2000-2100", IF(AND(C13>=TIME(21,0,0),C13<TIME(22,0,0)),"2100-2200", IF(AND(C13>=TIME(22,0,0),C13<TIME(23,0,0)),"2200-2300", IF(AND(C13>=TIME(23,0,0),C13<TIME(24,0,0)),"2300-0000","Invalid Time")))))))))))))))))))))))) -> 1400-1500 | E13: 1400-1500 | F13: =_xlfn.CONCAT(B13," ",E13) -> 25.05.2023 1400-1500 | G13: Ogolne_Linia | J13: 10 | M13: 24.05.2023 1
A14: 45071.541 | B14: 25.05.2023 | C14: 0.54097222 | D14: =IF(AND(C14>=TIME(0,0,0),C14<TIME(1,0,0)),"0000-0100", IF(AND(C14>=TIME(1,0,0),C14<TIME(2,0,0)),"0100-0200", IF(AND(C14>=TIME(2,0,0),C14<TIME(3,0,0)),"0200-0300", IF(AND(C14>=TIME(3,0,0),C14<TIME(4,0,0)),"0300-0400", IF(AND(C14>=TIME(4,0,0),C14<TIME(5,0,0)),"0400-0500", IF(AND(C14>=TIME(5,0,0),C14<TIME(6,0,0)),"0500-0600", IF(AND(C14>=TIME(6,0,0),C14<TIME(7,0,0)),"0600-0700", IF(AND(C14>=TIME(7,0,0),C14<TIME(8,0,0)),"0700-0800", IF(AND(C14>=TIME(8,0,0),C14<TIME(9,0,0)),"0800-0900", IF(AND(C14>=TIME(9,0,0),C14<TIME(10,0,0)),"0900-1000", IF(AND(C14>=TIME(10,0,0),C14<TIME(11,0,0)),"1000-1100", IF(AND(C14>=TIME(11,0,0),C14<TIME(12,0,0)),"1100-1200", IF(AND(C14>=TIME(12,0,0),C14<TIME(13,0,0)),"1200-1300", IF(AND(C14>=TIME(13,0,0),C14<TIME(14,0,0)),"1300-1400", IF(AND(C14>=TIME(14,0,0),C14<TIME(15,0,0)),"1400-1500", IF(AND(C14>=TIME(15,0,0),C14<TIME(16,0,0)),"1500-1600", IF(AND(C14>=TIME(16,0,0),C14<TIME(17,0,0)),"1600-1700", IF(AND(C14>=TIME(17,0,0),C14<TIME(18,0,0)),"1700-1800", IF(AND(C14>=TIME(18,0,0),C14<TIME(19,0,0)),"1800-1900", IF(AND(C14>=TIME(19,0,0),C14<TIME(20,0,0)),"1900-2000", IF(AND(C14>=TIME(20,0,0),C14<TIME(21,0,0)),"2000-2100", IF(AND(C14>=TIME(21,0,0),C14<TIME(22,0,0)),"2100-2200", IF(AND(C14>=TIME(22,0,0),C14<TIME(23,0,0)),"2200-2300", IF(AND(C14>=TIME(23,0,0),C14<TIME(24,0,0)),"2300-0000","Invalid Time")))))))))))))))))))))))) -> 1200-1300 | E14: 1200-1300 | F14: =_xlfn.CONCAT(B14," ",E14) -> 25.05.2023 1200-1300 | G14: Awaria | H14: stacja 60 - cell 2 | I14: zablokowany motor OMPx200 w cell2, Error Log | J14: 6 | M14: 23.05.2023 3
A15: 45071.495 | B15: 25.05.2023 | C15: 0.49513889 | D15: =IF(AND(C15>=TIME(0,0,0),C15<TIME(1,0,0)),"0000-0100", IF(AND(C15>=TIME(1,0,0),C15<TIME(2,0,0)),"0100-0200", IF(AND(C15>=TIME(2,0,0),C15<TIME(3,0,0)),"0200-0300", IF(AND(C15>=TIME(3,0,0),C15<TIME(4,0,0)),"0300-0400", IF(AND(C15>=TIME(4,0,0),C15<TIME(5,0,0)),"0400-0500", IF(AND(C15>=TIME(5,0,0),C15<TIME(6,0,0)),"0500-0600", IF(AND(C15>=TIME(6,0,0),C15<TIME(7,0,0)),"0600-0700", IF(AND(C15>=TIME(7,0,0),C15<TIME(8,0,0)),"0700-0800", IF(AND(C15>=TIME(8,0,0),C15<TIME(9,0,0)),"0800-0900", IF(AND(C15>=TIME(9,0,0),C15<TIME(10,0,0)),"0900-1000", IF(AND(C15>=TIME(10,0,0),C15<TIME(11,0,0)),"1000-1100", IF(AND(C15>=TIME(11,0,0),C15<TIME(12,0,0)),"1100-1200", IF(AND(C15>=TIME(12,0,0),C15<TIME(13,0,0)),"1200-1300", IF(AND(C15>=TIME(13,0,0),C15<TIME(14,0,0)),"1300-1400", IF(AND(C15>=TIME(14,0,0),C15<TIME(15,0,0)),"1400-1500", IF(AND(C15>=TIME(15,0,0),C15<TIME(16,0,0)),"1500-1600", IF(AND(C15>=TIME(16,0,0),C15<TIME(17,0,0)),"1600-1700", IF(AND(C15>=TIME(17,0,0),C15<TIME(18,0,0)),"1700-1800", IF(AND(C15>=TIME(18,0,0),C15<TIME(19,0,0)),"1800-1900", IF(AND(C15>=TIME(19,0,0),C15<TIME(20,0,0)),"1900-2000", IF(AND(C15>=TIME(20,0,0),C15<TIME(21,0,0)),"2000-2100", IF(AND(C15>=TIME(21,0,0),C15<TIME(22,0,0)),"2100-2200", IF(AND(C15>=TIME(22,0,0),C15<TIME(23,0,0)),"2200-2300", IF(AND(C15>=TIME(23,0,0),C15<TIME(24,0,0)),"2300-0000","Invalid Time")))))))))))))))))))))))) -> 1100-1200 | E15: 1100-1200 | F15: =_xlfn.CONCAT(B15," ",E15) -> 25.05.2023 1100-1200 | G15: Awaria | H15: stacja 60 - cell 1 | I15: zablokowany motor OMPx200 w cell1, Error Log | J15: 7 | M15: 23.05.2023 2
A16: 45071.479 | B16: 25.05.2023 | C16: 0.47916667 | D16: =IF(AND(C16>=TIME(0,0,0),C16<TIME(1,0,0)),"0000-0100", IF(AND(C16>=TIME(1,0,0),C16<TIME(2,0,0)),"0100-0200", IF(AND(C16>=TIME(2,0,0),C16<TIME(3,0,0)),"0200-0300", IF(AND(C16>=TIME(3,0,0),C16<TIME(4,0,0)),"0300-0400", IF(AND(C16>=TIME(4,0,0),C16<TIME(5,0,0)),"0400-0500", IF(AND(C16>=TIME(5,0,0),C16<TIME(6,0,0)),"0500-0600", IF(AND(C16>=TIME(6,0,0),C16<TIME(7,0,0)),"0600-0700", IF(AND(C16>=TIME(7,0,0),C16<TIME(8,0,0)),"0700-0800", IF(AND(C16>=TIME(8,0,0),C16<TIME(9,0,0)),"0800-0900", IF(AND(C16>=TIME(9,0,0),C16<TIME(10,0,0)),"0900-1000", IF(AND(C16>=TIME(10,0,0),C16<TIME(11,0,0)),"1000-1100", IF(AND(C16>=TIME(11,0,0),C16<TIME(12,0,0)),"1100-1200", IF(AND(C16>=TIME(12,0,0),C16<TIME(13,0,0)),"1200-1300", IF(AND(C16>=TIME(13,0,0),C16<TIME(14,0,0)),"1300-1400", IF(AND(C16>=TIME(14,0,0),C16<TIME(15,0,0)),"1400-1500", IF(AND(C16>=TIME(15,0,0),C16<TIME(16,0,0)),"1500-1600", IF(AND(C16>=TIME(16,0,0),C16<TIME(17,0,0)),"1600-1700", IF(AND(C16>=TIME(17,0,0),C16<TIME(18,0,0)),"1700-1800", IF(AND(C16>=TIME(18,0,0),C16<TIME(19,0,0)),"1800-1900", IF(AND(C16>=TIME(19,0,0),C16<TIME(20,0,0)),"1900-2000", IF(AND(C16>=TIME(20,0,0),C16<TIME(21,0,0)),"2000-2100", IF(AND(C16>=TIME(21,0,0),C16<TIME(22,0,0)),"2100-2200", IF(AND(C16>=TIME(22,0,0),C16<TIME(23,0,0)),"2200-2300", IF(AND(C16>=TIME(23,0,0),C16<TIME(24,0,0)),"2300-0000","Invalid Time")))))))))))))))))))))))) -> 1100-1200 | E16: 1100-1200 | F16: =_xlfn.CONCAT(B16," ",E16) -> 25.05.2023 1100-1200 | G16: Awaria | H16: stacja 60 - cell 2 | I16: zablokowany motor OMPx200 w cell2, Error Log | J16: 6 | M16: 23.05.2023 1
A17: 45071.434 | B17: 25.05.2023 | C17: 0.43402778 | D17: =IF(AND(C17>=TIME(0,0,0),C17<TIME(1,0,0)),"0000-0100", IF(AND(C17>=TIME(1,0,0),C17<TIME(2,0,0)),"0100-0200", IF(AND(C17>=TIME(2,0,0),C17<TIME(3,0,0)),"0200-0300", IF(AND(C17>=TIME(3,0,0),C17<TIME(4,0,0)),"0300-0400", IF(AND(C17>=TIME(4,0,0),C17<TIME(5,0,0)),"0400-0500", IF(AND(C17>=TIME(5,0,0),C17<TIME(6,0,0)),"0500-0600", IF(AND(C17>=TIME(6,0,0),C17<TIME(7,0,0)),"0600-0700", IF(AND(C17>=TIME(7,0,0),C17<TIME(8,0,0)),"0700-0800", IF(AND(C17>=TIME(8,0,0),C17<TIME(9,0,0)),"0800-0900", IF(AND(C17>=TIME(9,0,0),C17<TIME(10,0,0)),"0900-1000", IF(AND(C17>=TIME(10,0,0),C17<TIME(11,0,0)),"1000-1100", IF(AND(C17>=TIME(11,0,0),C17<TIME(12,0,0)),"1100-1200", IF(AND(C17>=TIME(12,0,0),C17<TIME(13,0,0)),"1200-1300", IF(AND(C17>=TIME(13,0,0),C17<TIME(14,0,0)),"1300-1400", IF(AND(C17>=TIME(14,0,0),C17<TIME(15,0,0)),"1400-1500", IF(AND(C17>=TIME(15,0,0),C17<TIME(16,0,0)),"1500-1600", IF(AND(C17>=TIME(16,0,0),C17<TIME(17,0,0)),"1600-1700", IF(AND(C17>=TIME(17,0,0),C17<TIME(18,0,0)),"1700-1800", IF(AND(C17>=TIME(18,0,0),C17<TIME(19,0,0)),"1800-1900", IF(AND(C17>=TIME(19,0,0),C17<TIME(20,0,0)),"1900-2000", IF(AND(C17>=TIME(20,0,0),C17<TIME(21,0,0)),"2000-2100", IF(AND(C17>=TIME(21,0,0),C17<TIME(22,0,0)),"2100-2200", IF(AND(C17>=TIME(22,0,0),C17<TIME(23,0,0)),"2200-2300", IF(AND(C17>=TIME(23,0,0),C17<TIME(24,0,0)),"2300-0000","Invalid Time")))))))))))))))))))))))) -> 1000-1100 | E17: 1000-1100 | F17: =_xlfn.CONCAT(B17," ",E17) -> 25.05.2023 1000-1100 | G17: Awaria | H17: stacja 60 - cell 1 | I17: zablokowany motor OMPx200 w cell1, Error Log | J17: 6 | M17: 22.05.2025 3
A18: 45071.392 | B18: 25.05.2023 | C18: 0.39166667 | D18: =IF(AND(C18>=TIME(0,0,0),C18<TIME(1,0,0)),"0000-0100", IF(AND(C18>=TIME(1,0,0),C18<TIME(2,0,0)),"0100-0200", IF(AND(C18>=TIME(2,0,0),C18<TIME(3,0,0)),"0200-0300", IF(AND(C18>=TIME(3,0,0),C18<TIME(4,0,0)),"0300-0400", IF(AND(C18>=TIME(4,0,0),C18<TIME(5,0,0)),"0400-0500", IF(AND(C18>=TIME(5,0,0),C18<TIME(6,0,0)),"0500-0600", IF(AND(C18>=TIME(6,0,0),C18<TIME(7,0,0)),"0600-0700", IF(AND(C18>=TIME(7,0,0),C18<TIME(8,0,0)),"0700-0800", IF(AND(C18>=TIME(8,0,0),C18<TIME(9,0,0)),"0800-0900", IF(AND(C18>=TIME(9,0,0),C18<TIME(10,0,0)),"0900-1000", IF(AND(C18>=TIME(10,0,0),C18<TIME(11,0,0)),"1000-1100", IF(AND(C18>=TIME(11,0,0),C18<TIME(12,0,0)),"1100-1200", IF(AND(C18>=TIME(12,0,0),C18<TIME(13,0,0)),"1200-1300", IF(AND(C18>=TIME(13,0,0),C18<TIME(14,0,0)),"1300-1400", IF(AND(C18>=TIME(14,0,0),C18<TIME(15,0,0)),"1400-1500", IF(AND(C18>=TIME(15,0,0),C18<TIME(16,0,0)),"1500-1600", IF(AND(C18>=TIME(16,0,0),C18<TIME(17,0,0)),"1600-1700", IF(AND(C18>=TIME(17,0,0),C18<TIME(18,0,0)),"1700-1800", IF(AND(C18>=TIME(18,0,0),C18<TIME(19,0,0)),"1800-1900", IF(AND(C18>=TIME(19,0,0),C18<TIME(20,0,0)),"1900-2000", IF(AND(C18>=TIME(20,0,0),C18<TIME(21,0,0)),"2000-2100", IF(AND(C18>=TIME(21,0,0),C18<TIME(22,0,0)),"2100-2200", IF(AND(C18>=TIME(22,0,0),C18<TIME(23,0,0)),"2200-2300", IF(AND(C18>=TIME(23,0,0),C18<TIME(24,0,0)),"2300-0000","Invalid Time")))))))))))))))))))))))) -> 0900-1000 | E18: 0900-1000 | F18: =_xlfn.CONCAT(B18," ",E18) -> 25.05.2023 0900-1000 | G18: Szkolenie_Spotkanie | H18: spotkanie z koordynatorem | J18: 5 | M18: 22.05.2025 2
A19: 45071.375 | B19: 25.05.2023 | C19: 0.375 | D19: =IF(AND(C19>=TIME(0,0,0),C19<TIME(1,0,0)),"0000-0100", IF(AND(C19>=TIME(1,0,0),C19<TIME(2,0,0)),"0100-0200", IF(AND(C19>=TIME(2,0,0),C19<TIME(3,0,0)),"0200-0300", IF(AND(C19>=TIME(3,0,0),C19<TIME(4,0,0)),"0300-0400", IF(AND(C19>=TIME(4,0,0),C19<TIME(5,0,0)),"0400-0500", IF(AND(C19>=TIME(5,0,0),C19<TIME(6,0,0)),"0500-0600", IF(AND(C19>=TIME(6,0,0),C19<TIME(7,0,0)),"0600-0700", IF(AND(C19>=TIME(7,0,0),C19<TIME(8,0,0)),"0700-0800", IF(AND(C19>=TIME(8,0,0),C19<TIME(9,0,0)),"0800-0900", IF(AND(C19>=TIME(9,0,0),C19<TIME(10,0,0)),"0900-1000", IF(AND(C19>=TIME(10,0,0),C19<TIME(11,0,0)),"1000-1100", IF(AND(C19>=TIME(11,0,0),C19<TIME(12,0,0)),"1100-1200", IF(AND(C19>=TIME(12,0,0),C19<TIME(13,0,0)),"1200-1300", IF(AND(C19>=TIME(13,0,0),C19<TIME(14,0,0)),"1300-1400", IF(AND(C19>=TIME(14,0,0),C19<TIME(15,0,0)),"1400-1500", IF(AND(C19>=TIME(15,0,0),C19<TIME(16,0,0)),"1500-1600", IF(AND(C19>=TIME(16,0,0),C19<TIME(17,0,0)),"1600-1700", IF(AND(C19>=TIME(17,0,0),C19<TIME(18,0,0)),"1700-1800", IF(AND(C19>=TIME(18,0,0),C19<TIME(19,0,0)),"1800-1900", IF(AND(C19>=TIME(19,0,0),C19<TIME(20,0,0)),"1900-2000", IF(AND(C19>=TIME(20,0,0),C19<TIME(21,0,0)),"2000-2100", IF(AND(C19>=TIME(21,0,0),C19<TIME(22,0,0)),"2100-2200", IF(AND(C19>=TIME(22,0,0),C19<TIME(23,0,0)),"2200-2300", IF(AND(C19>=TIME(23,0,0),C19<TIME(24,0,0)),"2300-0000","Invalid Time")))))))))))))))))))))))) -> 0900-1000 | E19: 0900-1000 | F19: =_xlfn.CONCAT(B19," ",E19) -> 25.05.2023 0900-1000 | G19: Awaria | H19: stacja 60 - cell 2 | I19: zablokowany motor OMPx200 w cell2, Error Log | J19: 5 | M19: 22.05.2025 1
A20: 45071.311 | B20: 25.05.2023 | C20: 0.31111111 | D20: =IF(AND(C20>=TIME(0,0,0),C20<TIME(1,0,0)),"0000-0100", IF(AND(C20>=TIME(1,0,0),C20<TIME(2,0,0)),"0100-0200", IF(AND(C20>=TIME(2,0,0),C20<TIME(3,0,0)),"0200-0300", IF(AND(C20>=TIME(3,0,0),C20<TIME(4,0,0)),"0300-0400", IF(AND(C20>=TIME(4,0,0),C20<TIME(5,0,0)),"0400-0500", IF(AND(C20>=TIME(5,0,0),C20<TIME(6,0,0)),"0500-0600", IF(AND(C20>=TIME(6,0,0),C20<TIME(7,0,0)),"0600-0700", IF(AND(C20>=TIME(7,0,0),C20<TIME(8,0,0)),"0700-0800", IF(AND(C20>=TIME(8,0,0),C20<TIME(9,0,0)),"0800-0900", IF(AND(C20>=TIME(9,0,0),C20<TIME(10,0,0)),"0900-1000", IF(AND(C20>=TIME(10,0,0),C20<TIME(11,0,0)),"1000-1100", IF(AND(C20>=TIME(11,0,0),C20<TIME(12,0,0)),"1100-1200", IF(AND(C20>=TIME(12,0,0),C20<TIME(13,0,0)),"1200-1300", IF(AND(C20>=TIME(13,0,0),C20<TIME(14,0,0)),"1300-1400", IF(AND(C20>=TIME(14,0,0),C20<TIME(15,0,0)),"1400-1500", IF(AND(C20>=TIME(15,0,0),C20<TIME(16,0,0)),"1500-1600", IF(AND(C20>=TIME(16,0,0),C20<TIME(17,0,0)),"1600-1700", IF(AND(C20>=TIME(17,0,0),C20<TIME(18,0,0)),"1700-1800", IF(AND(C20>=TIME(18,0,0),C20<TIME(19,0,0)),"1800-1900", IF(AND(C20>=TIME(19,0,0),C20<TIME(20,0,0)),"1900-2000", IF(AND(C20>=TIME(20,0,0),C20<TIME(21,0,0)),"2000-2100", IF(AND(C20>=TIME(21,0,0),C20<TIME(22,0,0)),"2100-2200", IF(AND(C20>=TIME(22,0,0),C20<TIME(23,0,0)),"2200-2300", IF(AND(C20>=TIME(23,0,0),C20<TIME(24,0,0)),"2300-0000","Invalid Time")))))))))))))))))))))))) -> 0700-0800 | E20: 0700-0800 | F20: =_xlfn.CONCAT(B20," ",E20) -> 25.05.2023 0700-0800 | G20: Przegląd_Serwis | H20: interwencja DUR | I20: st.50 | J20: 22 | M20: 21.05.2025 3
A21: 45071.31 | B21: 25.05.2023 | C21: 0.30972222 | D21: =IF(AND(C21>=TIME(0,0,0),C21<TIME(1,0,0)),"0000-0100", IF(AND(C21>=TIME(1,0,0),C21<TIME(2,0,0)),"0100-0200", IF(AND(C21>=TIME(2,0,0),C21<TIME(3,0,0)),"0200-0300", IF(AND(C21>=TIME(3,0,0),C21<TIME(4,0,0)),"0300-0400", IF(AND(C21>=TIME(4,0,0),C21<TIME(5,0,0)),"0400-0500", IF(AND(C21>=TIME(5,0,0),C21<TIME(6,0,0)),"0500-0600", IF(AND(C21>=TIME(6,0,0),C21<TIME(7,0,0)),"0600-0700", IF(AND(C21>=TIME(7,0,0),C21<TIME(8,0,0)),"0700-0800", IF(AND(C21>=TIME(8,0,0),C21<TIME(9,0,0)),"0800-0900", IF(AND(C21>=TIME(9,0,0),C21<TIME(10,0,0)),"0900-1000", IF(AND(C21>=TIME(10,0,0),C21<TIME(11,0,0)),"1000-1100", IF(AND(C21>=TIME(11,0,0),C21<TIME(12,0,0)),"1100-1200", IF(AND(C21>=TIME(12,0,0),C21<TIME(13,0,0)),"1200-1300", IF(AND(C21>=TIME(13,0,0),C21<TIME(14,0,0)),"1300-1400", IF(AND(C21>=TIME(14,0,0),C21<TIME(15,0,0)),"1400-1500", IF(AND(C21>=TIME(15,0,0),C21<TIME(16,0,0)),"1500-1600", IF(AND(C21>=TIME(16,0,0),C21<TIME(17,0,0)),"1600-1700", IF(AND(C21>=TIME(17,0,0),C21<TIME(18,0,0)),"1700-1800", IF(AND(C21>=TIME(18,0,0),C21<TIME(19,0,0)),"1800-1900", IF(AND(C21>=TIME(19,0,0),C21<TIME(20,0,0)),"1900-2000", IF(AND(C21>=TIME(20,0,0),C21<TIME(21,0,0)),"2000-2100", IF(AND(C21>=TIME(21,0,0),C21<TIME(22,0,0)),"2100-2200", IF(AND(C21>=TIME(22,0,0),C21<TIME(23,0,0)),"2200-2300", IF(AND(C21>=TIME(23,0,0),C21<TIME(24,0,0)),"2300-0000","Invalid Time")))))))))))))))))))))))) -> 0700-0800 | E21: 0700-0800 | F21: =_xlfn.CONCAT(B21," ",E21) -> 25.05.2023 0700-0800 | G21: Awaria | H21: stacja 50 - test szczelności | I21: uszkodżony korpus z doły po testy, gniazdo komory B do szlifowania | J21: 2 | M21: 21.05.2025 2
A22: 45071.247 | B22: 25.05.2023 | C22: 0.24722222 | D22: =IF(AND(C22>=TIME(0,0,0),C22<TIME(1,0,0)),"0000-0100", IF(AND(C22>=TIME(1,0,0),C22<TIME(2,0,0)),"0100-0200", IF(AND(C22>=TIME(2,0,0),C22<TIME(3,0,0)),"0200-0300", IF(AND(C22>=TIME(3,0,0),C22<TIME(4,0,0)),"0300-0400", IF(AND(C22>=TIME(4,0,0),C22<TIME(5,0,0)),"0400-0500", IF(AND(C22>=TIME(5,0,0),C22<TIME(6,0,0)),"0500-0600", IF(AND(C22>=TIME(6,0,0),C22<TIME(7,0,0)),"0600-0700", IF(AND(C22>=TIME(7,0,0),C22<TIME(8,0,0)),"0700-0800", IF(AND(C22>=TIME(8,0,0),C22<TIME(9,0,0)),"0800-0900", IF(AND(C22>=TIME(9,0,0),C22<TIME(10,0,0)),"0900-1000", IF(AND(C22>=TIME(10,0,0),C22<TIME(11,0,0)),"1000-1100", IF(AND(C22>=TIME(11,0,0),C22<TIME(12,0,0)),"1100-1200", IF(AND(C22>=TIME(12,0,0),C22<TIME(13,0,0)),"1200-1300", IF(AND(C22>=TIME(13,0,0),C22<TIME(14,0,0)),"1300-1400", IF(AND(C22>=TIME(14,0,0),C22<TIME(15,0,0)),"1400-1500", IF(AND(C22>=TIME(15,0,0),C22<TIME(16,0,0)),"1500-1600", IF(AND(C22>=TIME(16,0,0),C22<TIME(17,0,0)),"1600-1700", IF(AND(C22>=TIME(17,0,0),C22<TIME(18,0,0)),"1700-1800", IF(AND(C22>=TIME(18,0,0),C22<TIME(19,0,0)),"1800-1900", IF(AND(C22>=TIME(19,0,0),C22<TIME(20,0,0)),"1900-2000", IF(AND(C22>=TIME(20,0,0),C22<TIME(21,0,0)),"2000-2100", IF(AND(C22>=TIME(21,0,0),C22<TIME(22,0,0)),"2100-2200", IF(AND(C22>=TIME(22,0,0),C22<TIME(23,0,0)),"2200-2300", IF(AND(C22>=TIME(23,0,0),C22<TIME(24,0,0)),"2300-0000","Invalid Time")))))))))))))))))))))))) -> 0500-0600 | E22: 0500-0600 | F22: =_xlfn.CONCAT(B22," ",E22) -> 25.05.2023 0500-0600 | G22: Ogolne_Linia | I22: testy kontolne | J22: 10 | M22: 21.05.2025 1
A23: 45071.172 | B23: 25.05.2023 | C23: 0.17152778 | D23: =IF(AND(C23>=TIME(0,0,0),C23<TIME(1,0,0)),"0000-0100", IF(AND(C23>=TIME(1,0,0),C23<TIME(2,0,0)),"0100-0200", IF(AND(C23>=TIME(2,0,0),C23<TIME(3,0,0)),"0200-0300", IF(AND(C23>=TIME(3,0,0),C23<TIME(4,0,0)),"0300-0400", IF(AND(C23>=TIME(4,0,0),C23<TIME(5,0,0)),"0400-0500", IF(AND(C23>=TIME(5,0,0),C23<TIME(6,0,0)),"0500-0600", IF(AND(C23>=TIME(6,0,0),C23<TIME(7,0,0)),"0600-0700", IF(AND(C23>=TIME(7,0,0),C23<TIME(8,0,0)),"0700-0800", IF(AND(C23>=TIME(8,0,0),C23<TIME(9,0,0)),"0800-0900", IF(AND(C23>=TIME(9,0,0),C23<TIME(10,0,0)),"0900-1000", IF(AND(C23>=TIME(10,0,0),C23<TIME(11,0,0)),"1000-1100", IF(AND(C23>=TIME(11,0,0),C23<TIME(12,0,0)),"1100-1200", IF(AND(C23>=TIME(12,0,0),C23<TIME(13,0,0)),"1200-1300", IF(AND(C23>=TIME(13,0,0),C23<TIME(14,0,0)),"1300-1400", IF(AND(C23>=TIME(14,0,0),C23<TIME(15,0,0)),"1400-1500", IF(AND(C23>=TIME(15,0,0),C23<TIME(16,0,0)),"1500-1600", IF(AND(C23>=TIME(16,0,0),C23<TIME(17,0,0)),"1600-1700", IF(AND(C23>=TIME(17,0,0),C23<TIME(18,0,0)),"1700-1800", IF(AND(C23>=TIME(18,0,0),C23<TIME(19,0,0)),"1800-1900", IF(AND(C23>=TIME(19,0,0),C23<TIME(20,0,0)),"1900-2000", IF(AND(C23>=TIME(20,0,0),C23<TIME(21,0,0)),"2000-2100", IF(AND(C23>=TIME(21,0,0),C23<TIME(22,0,0)),"2100-2200", IF(AND(C23>=TIME(22,0,0),C23<TIME(23,0,0)),"2200-2300", IF(AND(C23>=TIME(23,0,0),C23<TIME(24,0,0)),"2300-0000","Invalid Time")))))))))))))))))))))))) -> 0400-0500 | E23: 0400-0500 | F23: =_xlfn.CONCAT(B23," ",E23) -> 25.05.2023 0400-0500 | G23: Awaria | H23: stacja 60 - KUKA | I23: zawiszenie | J23: 5 | M23: 20.05.2025 3
A24: 45071.149 | B24: 25.05.2023 | C24: 0.14861111 | D24: =IF(AND(C24>=TIME(0,0,0),C24<TIME(1,0,0)),"0000-0100", IF(AND(C24>=TIME(1,0,0),C24<TIME(2,0,0)),"0100-0200", IF(AND(C24>=TIME(2,0,0),C24<TIME(3,0,0)),"0200-0300", IF(AND(C24>=TIME(3,0,0),C24<TIME(4,0,0)),"0300-0400", IF(AND(C24>=TIME(4,0,0),C24<TIME(5,0,0)),"0400-0500", IF(AND(C24>=TIME(5,0,0),C24<TIME(6,0,0)),"0500-0600", IF(AND(C24>=TIME(6,0,0),C24<TIME(7,0,0)),"0600-0700", IF(AND(C24>=TIME(7,0,0),C24<TIME(8,0,0)),"0700-0800", IF(AND(C24>=TIME(8,0,0),C24<TIME(9,0,0)),"0800-0900", IF(AND(C24>=TIME(9,0,0),C24<TIME(10,0,0)),"0900-1000", IF(AND(C24>=TIME(10,0,0),C24<TIME(11,0,0)),"1000-1100", IF(AND(C24>=TIME(11,0,0),C24<TIME(12,0,0)),"1100-1200", IF(AND(C24>=TIME(12,0,0),C24<TIME(13,0,0)),"1200-1300", IF(AND(C24>=TIME(13,0,0),C24<TIME(14,0,0)),"1300-1400", IF(AND(C24>=TIME(14,0,0),C24<TIME(15,0,0)),"1400-1500", IF(AND(C24>=TIME(15,0,0),C24<TIME(16,0,0)),"1500-1600", IF(AND(C24>=TIME(16,0,0),C24<TIME(17,0,0)),"1600-1700", IF(AND(C24>=TIME(17,0,0),C24<TIME(18,0,0)),"1700-1800", IF(AND(C24>=TIME(18,0,0),C24<TIME(19,0,0)),"1800-1900", IF(AND(C24>=TIME(19,0,0),C24<TIME(20,0,0)),"1900-2000", IF(AND(C24>=TIME(20,0,0),C24<TIME(21,0,0)),"2000-2100", IF(AND(C24>=TIME(21,0,0),C24<TIME(22,0,0)),"2100-2200", IF(AND(C24>=TIME(22,0,0),C24<TIME(23,0,0)),"2200-2300", IF(AND(C24>=TIME(23,0,0),C24<TIME(24,0,0)),"2300-0000","Invalid Time")))))))))))))))))))))))) -> 0300-0400 | E24: 0300-0400 | F24: =_xlfn.CONCAT(B24," ",E24) -> 25.05.2023 0300-0400 | G24: Awaria | H24: stacja 60 - cell 2 | I24: dolewanie oleju w zbiornik 0310 | J24: 24 | M24: 20.05.2025 2
A25: 45071.148 | B25: 25.05.2023 | C25: 0.14791667 | D25: =IF(AND(C25>=TIME(0,0,0),C25<TIME(1,0,0)),"0000-0100", IF(AND(C25>=TIME(1,0,0),C25<TIME(2,0,0)),"0100-0200", IF(AND(C25>=TIME(2,0,0),C25<TIME(3,0,0)),"0200-0300", IF(AND(C25>=TIME(3,0,0),C25<TIME(4,0,0)),"0300-0400", IF(AND(C25>=TIME(4,0,0),C25<TIME(5,0,0)),"0400-0500", IF(AND(C25>=TIME(5,0,0),C25<TIME(6,0,0)),"0500-0600", IF(AND(C25>=TIME(6,0,0),C25<TIME(7,0,0)),"0600-0700", IF(AND(C25>=TIME(7,0,0),C25<TIME(8,0,0)),"0700-0800", IF(AND(C25>=TIME(8,0,0),C25<TIME(9,0,0)),"0800-0900", IF(AND(C25>=TIME(9,0,0),C25<TIME(10,0,0)),"0900-1000", IF(AND(C25>=TIME(10,0,0),C25<TIME(11,0,0)),"1000-1100", IF(AND(C25>=TIME(11,0,0),C25<TIME(12,0,0)),"1100-1200", IF(AND(C25>=TIME(12,0,0),C25<TIME(13,0,0)),"1200-1300", IF(AND(C25>=TIME(13,0,0),C25<TIME(14,0,0)),"1300-1400", IF(AND(C25>=TIME(14,0,0),C25<TIME(15,0,0)),"1400-1500", IF(AND(C25>=TIME(15,0,0),C25<TIME(16,0,0)),"1500-1600", IF(AND(C25>=TIME(16,0,0),C25<TIME(17,0,0)),"1600-1700", IF(AND(C25>=TIME(17,0,0),C25<TIME(18,0,0)),"1700-1800", IF(AND(C25>=TIME(18,0,0),C25<TIME(19,0,0)),"1800-1900", IF(AND(C25>=TIME(19,0,0),C25<TIME(20,0,0)),"1900-2000", IF(AND(C25>=TIME(20,0,0),C25<TIME(21,0,0)),"2000-2100", IF(AND(C25>=TIME(21,0,0),C25<TIME(22,0,0)),"2100-2200", IF(AND(C25>=TIME(22,0,0),C25<TIME(23,0,0)),"2200-2300", IF(AND(C25>=TIME(23,0,0),C25<TIME(24,0,0)),"2300-0000","Invalid Time")))))))))))))))))))))))) -> 0300-0400 | E25: 0300-0400 | F25: =_xlfn.CONCAT(B25," ",E25) -> 25.05.2023 0300-0400 | G25: Awaria | H25: stacja 50 - test szczelności | I25: czyszczenie komory | J25: 20 | M25: 20.05.2025 1
A26: 45070.917 | B26: 24.05.2023 | C26: 0.91666667 | D26: =IF(AND(C26>=TIME(0,0,0),C26<TIME(1,0,0)),"0000-0100", IF(AND(C26>=TIME(1,0,0),C26<TIME(2,0,0)),"0100-0200", IF(AND(C26>=TIME(2,0,0),C26<TIME(3,0,0)),"0200-0300", IF(AND(C26>=TIME(3,0,0),C26<TIME(4,0,0)),"0300-0400", IF(AND(C26>=TIME(4,0,0),C26<TIME(5,0,0)),"0400-0500", IF(AND(C26>=TIME(5,0,0),C26<TIME(6,0,0)),"0500-0600", IF(AND(C26>=TIME(6,0,0),C26<TIME(7,0,0)),"0600-0700", IF(AND(C26>=TIME(7,0,0),C26<TIME(8,0,0)),"0700-0800", IF(AND(C26>=TIME(8,0,0),C26<TIME(9,0,0)),"0800-0900", IF(AND(C26>=TIME(9,0,0),C26<TIME(10,0,0)),"0900-1000", IF(AND(C26>=TIME(10,0,0),C26<TIME(11,0,0)),"1000-1100", IF(AND(C26>=TIME(11,0,0),C26<TIME(12,0,0)),"1100-1200", IF(AND(C26>=TIME(12,0,0),C26<TIME(13,0,0)),"1200-1300", IF(AND(C26>=TIME(13,0,0),C26<TIME(14,0,0)),"1300-1400", IF(AND(C26>=TIME(14,0,0),C26<TIME(15,0,0)),"1400-1500", IF(AND(C26>=TIME(15,0,0),C26<TIME(16,0,0)),"1500-1600", IF(AND(C26>=TIME(16,0,0),C26<TIME(17,0,0)),"1600-1700", IF(AND(C26>=TIME(17,0,0),C26<TIME(18,0,0)),"1700-1800", IF(AND(C26>=TIME(18,0,0),C26<TIME(19,0,0)),"1800-1900", IF(AND(C26>=TIME(19,0,0),C26<TIME(20,0,0)),"1900-2000", IF(AND(C26>=TIME(20,0,0),C26<TIME(21,0,0)),"2000-2100", IF(AND(C26>=TIME(21,0,0),C26<TIME(22,0,0)),"2100-2200", IF(AND(C26>=TIME(22,0,0),C26<TIME(23,0,0)),"2200-2300", IF(AND(C26>=TIME(23,0,0),C26<TIME(24,0,0)),"2300-0000","Invalid Time")))))))))))))))))))))))) -> 2200-2300 | E26: 2200-2300 | F26: =_xlfn.CONCAT(B26," ",E26) -> 24.05.2023 2200-2300 | G26: Ogolne_Linia | H26: zapełnianie linii | I26: testy | J26: 10 | M26: 19.05.2025 3
A27: 45070.759 | B27: 24.05.2023 | C27: 0.75902778 | D27: =IF(AND(C27>=TIME(0,0,0),C27<TIME(1,0,0)),"0000-0100", IF(AND(C27>=TIME(1,0,0),C27<TIME(2,0,0)),"0100-0200", IF(AND(C27>=TIME(2,0,0),C27<TIME(3,0,0)),"0200-0300", IF(AND(C27>=TIME(3,0,0),C27<TIME(4,0,0)),"0300-0400", IF(AND(C27>=TIME(4,0,0),C27<TIME(5,0,0)),"0400-0500", IF(AND(C27>=TIME(5,0,0),C27<TIME(6,0,0)),"0500-0600", IF(AND(C27>=TIME(6,0,0),C27<TIME(7,0,0)),"0600-0700", IF(AND(C27>=TIME(7,0,0),C27<TIME(8,0,0)),"0700-0800", IF(AND(C27>=TIME(8,0,0),C27<TIME(9,0,0)),"0800-0900", IF(AND(C27>=TIME(9,0,0),C27<TIME(10,0,0)),"0900-1000", IF(AND(C27>=TIME(10,0,0),C27<TIME(11,0,0)),"1000-1100", IF(AND(C27>=TIME(11,0,0),C27<TIME(12,0,0)),"1100-1200", IF(AND(C27>=TIME(12,0,0),C27<TIME(13,0,0)),"1200-1300", IF(AND(C27>=TIME(13,0,0),C27<TIME(14,0,0)),"1300-1400", IF(AND(C27>=TIME(14,0,0),C27<TIME(15,0,0)),"1400-1500", IF(AND(C27>=TIME(15,0,0),C27<TIME(16,0,0)),"1500-1600", IF(AND(C27>=TIME(16,0,0),C27<TIME(17,0,0)),"1600-1700", IF(AND(C27>=TIME(17,0,0),C27<TIME(18,0,0)),"1700-1800", IF(AND(C27>=TIME(18,0,0),C27<TIME(19,0,0)),"1800-1900", IF(AND(C27>=TIME(19,0,0),C27<TIME(20,0,0)),"1900-2000", IF(AND(C27>=TIME(20,0,0),C27<TIME(21,0,0)),"2000-2100", IF(AND(C27>=TIME(21,0,0),C27<TIME(22,0,0)),"2100-2200", IF(AND(C27>=TIME(22,0,0),C27<TIME(23,0,0)),"2200-2300", IF(AND(C27>=TIME(23,0,0),C27<TIME(24,0,0)),"2300-0000","Invalid Time")))))))))))))))))))))))) -> 1800-1900 | E27: 1800-1900 | F27: =_xlfn.CONCAT(B27," ",E27) -> 24.05.2023 1800-1900 | G27: Awaria | H27: stacja 60 - KUKA | I27: zawieszenie.Error Log X 2 razy | J27: 35 | M27: 19.05.2025 2
A28: 45070.658 | B28: 24.05.2023 | C28: 0.65763889 | D28: =IF(AND(C28>=TIME(0,0,0),C28<TIME(1,0,0)),"0000-0100", IF(AND(C28>=TIME(1,0,0),C28<TIME(2,0,0)),"0100-0200", IF(AND(C28>=TIME(2,0,0),C28<TIME(3,0,0)),"0200-0300", IF(AND(C28>=TIME(3,0,0),C28<TIME(4,0,0)),"0300-0400", IF(AND(C28>=TIME(4,0,0),C28<TIME(5,0,0)),"0400-0500", IF(AND(C28>=TIME(5,0,0),C28<TIME(6,0,0)),"0500-0600", IF(AND(C28>=TIME(6,0,0),C28<TIME(7,0,0)),"0600-0700", IF(AND(C28>=TIME(7,0,0),C28<TIME(8,0,0)),"0700-0800", IF(AND(C28>=TIME(8,0,0),C28<TIME(9,0,0)),"0800-0900", IF(AND(C28>=TIME(9,0,0),C28<TIME(10,0,0)),"0900-1000", IF(AND(C28>=TIME(10,0,0),C28<TIME(11,0,0)),"1000-1100", IF(AND(C28>=TIME(11,0,0),C28<TIME(12,0,0)),"1100-1200", IF(AND(C28>=TIME(12,0,0),C28<TIME(13,0,0)),"1200-1300", IF(AND(C28>=TIME(13,0,0),C28<TIME(14,0,0)),"1300-1400", IF(AND(C28>=TIME(14,0,0),C28<TIME(15,0,0)),"1400-1500", IF(AND(C28>=TIME(15,0,0),C28<TIME(16,0,0)),"1500-1600", IF(AND(C28>=TIME(16,0,0),C28<TIME(17,0,0)),"1600-1700", IF(AND(C28>=TIME(17,0,0),C28<TIME(18,0,0)),"1700-1800", IF(AND(C28>=TIME(18,0,0),C28<TIME(19,0,0)),"1800-1900", IF(AND(C28>=TIME(19,0,0),C28<TIME(20,0,0)),"1900-2000", IF(AND(C28>=TIME(20,0,0),C28<TIME(21,0,0)),"2000-2100", IF(AND(C28>=TIME(21,0,0),C28<TIME(22,0,0)),"2100-2200", IF(AND(C28>=TIME(22,0,0),C28<TIME(23,0,0)),"2200-2300", IF(AND(C28>=TIME(23,0,0),C28<TIME(24,0,0)),"2300-0000","Invalid Time")))))))))))))))))))))))) -> 1500-1600 | E28: 1500-1600 | F28: =_xlfn.CONCAT(B28," ",E28) -> 24.05.2023 1500-1600 | G28: Awaria | H28: stacja 50 - test szczelności | I28: wszystkie motory odpadają na szczelność,komora E, 11195065. Zakorkowana stacja napraw. Oczekiwanie na DUR | J28: 120 | M28: 19.05.2025 1
A29: 45070.584 | B29: 24.05.2023 | C29: 0.58402778 | D29: =IF(AND(C29>=TIME(0,0,0),C29<TIME(1,0,0)),"0000-0100", IF(AND(C29>=TIME(1,0,0),C29<TIME(2,0,0)),"0100-0200", IF(AND(C29>=TIME(2,0,0),C29<TIME(3,0,0)),"0200-0300", IF(AND(C29>=TIME(3,0,0),C29<TIME(4,0,0)),"0300-0400", IF(AND(C29>=TIME(4,0,0),C29<TIME(5,0,0)),"0400-0500", IF(AND(C29>=TIME(5,0,0),C29<TIME(6,0,0)),"0500-0600", IF(AND(C29>=TIME(6,0,0),C29<TIME(7,0,0)),"0600-0700", IF(AND(C29>=TIME(7,0,0),C29<TIME(8,0,0)),"0700-0800", IF(AND(C29>=TIME(8,0,0),C29<TIME(9,0,0)),"0800-0900", IF(AND(C29>=TIME(9,0,0),C29<TIME(10,0,0)),"0900-1000", IF(AND(C29>=TIME(10,0,0),C29<TIME(11,0,0)),"1000-1100", IF(AND(C29>=TIME(11,0,0),C29<TIME(12,0,0)),"1100-1200", IF(AND(C29>=TIME(12,0,0),C29<TIME(13,0,0)),"1200-1300", IF(AND(C29>=TIME(13,0,0),C29<TIME(14,0,0)),"1300-1400", IF(AND(C29>=TIME(14,0,0),C29<TIME(15,0,0)),"1400-1500", IF(AND(C29>=TIME(15,0,0),C29<TIME(16,0,0)),"1500-1600", IF(AND(C29>=TIME(16,0,0),C29<TIME(17,0,0)),"1600-1700", IF(AND(C29>=TIME(17,0,0),C29<TIME(18,0,0)),"1700-1800", IF(AND(C29>=TIME(18,0,0),C29<TIME(19,0,0)),"1800-1900", IF(AND(C29>=TIME(19,0,0),C29<TIME(20,0,0)),"1900-2000", IF(AND(C29>=TIME(20,0,0),C29<TIME(21,0,0)),"2000-2100", IF(AND(C29>=TIME(21,0,0),C29<TIME(22,0,0)),"2100-2200", IF(AND(C29>=TIME(22,0,0),C29<TIME(23,0,0)),"2200-2300", IF(AND(C29>=TIME(23,0,0),C29<TIME(24,0,0)),"2300-0000","Invalid Time")))))))))))))))))))))))) -> 1400-1500 | E29: 1400-1500 | F29: =_xlfn.CONCAT(B29," ",E29) -> 24.05.2023 1400-1500 | G29: Ogolne_Linia | I29: testy kontrolne | J29: 10
A30: 45070.517 | B30: 24.05.2023 | C30: 0.51736111 | D30: =IF(AND(C30>=TIME(0,0,0),C30<TIME(1,0,0)),"0000-0100", IF(AND(C30>=TIME(1,0,0),C30<TIME(2,0,0)),"0100-0200", IF(AND(C30>=TIME(2,0,0),C30<TIME(3,0,0)),"0200-0300", IF(AND(C30>=TIME(3,0,0),C30<TIME(4,0,0)),"0300-0400", IF(AND(C30>=TIME(4,0,0),C30<TIME(5,0,0)),"0400-0500", IF(AND(C30>=TIME(5,0,0),C30<TIME(6,0,0)),"0500-0600", IF(AND(C30>=TIME(6,0,0),C30<TIME(7,0,0)),"0600-0700", IF(AND(C30>=TIME(7,0,0),C30<TIME(8,0,0)),"0700-0800", IF(AND(C30>=TIME(8,0,0),C30<TIME(9,0,0)),"0800-0900", IF(AND(C30>=TIME(9,0,0),C30<TIME(10,0,0)),"0900-1000", IF(AND(C30>=TIME(10,0,0),C30<TIME(11,0,0)),"1000-1100", IF(AND(C30>=TIME(11,0,0),C30<TIME(12,0,0)),"1100-1200", IF(AND(C30>=TIME(12,0,0),C30<TIME(13,0,0)),"1200-1300", IF(AND(C30>=TIME(13,0,0),C30<TIME(14,0,0)),"1300-1400", IF(AND(C30>=TIME(14,0,0),C30<TIME(15,0,0)),"1400-1500", IF(AND(C30>=TIME(15,0,0),C30<TIME(16,0,0)),"1500-1600", IF(AND(C30>=TIME(16,0,0),C30<TIME(17,0,0)),"1600-1700", IF(AND(C30>=TIME(17,0,0),C30<TIME(18,0,0)),"1700-1800", IF(AND(C30>=TIME(18,0,0),C30<TIME(19,0,0)),"1800-1900", IF(AND(C30>=TIME(19,0,0),C30<TIME(20,0,0)),"1900-2000", IF(AND(C30>=TIME(20,0,0),C30<TIME(21,0,0)),"2000-2100", IF(AND(C30>=TIME(21,0,0),C30<TIME(22,0,0)),"2100-2200", IF(AND(C30>=TIME(22,0,0),C30<TIME(23,0,0)),"2200-2300", IF(AND(C30>=TIME(23,0,0),C30<TIME(24,0,0)),"2300-0000","Invalid Time")))))))))))))))))))))))) -> 1200-1300 | E30: 1200-1300 | F30: =_xlfn.CONCAT(B30," ",E30) -> 24.05.2023 1200-1300 | G30: Jakość | H30: selekcja komponentów | I30: pomieszane śruby 681x0180 i 681x0181 w 1 kuwetie | J30: 1
A31: 45070.5 | B31: 24.05.2023 | C31: 0.5 | D31: =IF(AND(C31>=TIME(0,0,0),C31<TIME(1,0,0)),"0000-0100", IF(AND(C31>=TIME(1,0,0),C31<TIME(2,0,0)),"0100-0200", IF(AND(C31>=TIME(2,0,0),C31<TIME(3,0,0)),"0200-0300", IF(AND(C31>=TIME(3,0,0),C31<TIME(4,0,0)),"0300-0400", IF(AND(C31>=TIME(4,0,0),C31<TIME(5,0,0)),"0400-0500", IF(AND(C31>=TIME(5,0,0),C31<TIME(6,0,0)),"0500-0600", IF(AND(C31>=TIME(6,0,0),C31<TIME(7,0,0)),"0600-0700", IF(AND(C31>=TIME(7,0,0),C31<TIME(8,0,0)),"0700-0800", IF(AND(C31>=TIME(8,0,0),C31<TIME(9,0,0)),"0800-0900", IF(AND(C31>=TIME(9,0,0),C31<TIME(10,0,0)),"0900-1000", IF(AND(C31>=TIME(10,0,0),C31<TIME(11,0,0)),"1000-1100", IF(AND(C31>=TIME(11,0,0),C31<TIME(12,0,0)),"1100-1200", IF(AND(C31>=TIME(12,0,0),C31<TIME(13,0,0)),"1200-1300", IF(AND(C31>=TIME(13,0,0),C31<TIME(14,0,0)),"1300-1400", IF(AND(C31>=TIME(14,0,0),C31<TIME(15,0,0)),"1400-1500", IF(AND(C31>=TIME(15,0,0),C31<TIME(16,0,0)),"1500-1600", IF(AND(C31>=TIME(16,0,0),C31<TIME(17,0,0)),"1600-1700", IF(AND(C31>=TIME(17,0,0),C31<TIME(18,0,0)),"1700-1800", IF(AND(C31>=TIME(18,0,0),C31<TIME(19,0,0)),"1800-1900", IF(AND(C31>=TIME(19,0,0),C31<TIME(20,0,0)),"1900-2000", IF(AND(C31>=TIME(20,0,0),C31<TIME(21,0,0)),"2000-2100", IF(AND(C31>=TIME(21,0,0),C31<TIME(22,0,0)),"2100-2200", IF(AND(C31>=TIME(22,0,0),C31<TIME(23,0,0)),"2200-2300", IF(AND(C31>=TIME(23,0,0),C31<TIME(24,0,0)),"2300-0000","Invalid Time")))))))))))))))))))))))) -> 1200-1300 | E31: 1200-1300 | F31: =_xlfn.CONCAT(B31," ",E31) -> 24.05.2023 1200-1300 | G31: Awaria | H31: stacja 60 - cell 1 | I31: zablokowany shaft adapter 420283 w cell, praca technologa | J31: 23
A32: 45070.375 | B32: 24.05.2023 | C32: 0.375 | D32: =IF(AND(C32>=TIME(0,0,0),C32<TIME(1,0,0)),"0000-0100", IF(AND(C32>=TIME(1,0,0),C32<TIME(2,0,0)),"0100-0200", IF(AND(C32>=TIME(2,0,0),C32<TIME(3,0,0)),"0200-0300", IF(AND(C32>=TIME(3,0,0),C32<TIME(4,0,0)),"0300-0400", IF(AND(C32>=TIME(4,0,0),C32<TIME(5,0,0)),"0400-0500", IF(AND(C32>=TIME(5,0,0),C32<TIME(6,0,0)),"0500-0600", IF(AND(C32>=TIME(6,0,0),C32<TIME(7,0,0)),"0600-0700", IF(AND(C32>=TIME(7,0,0),C32<TIME(8,0,0)),"0700-0800", IF(AND(C32>=TIME(8,0,0),C32<TIME(9,0,0)),"0800-0900", IF(AND(C32>=TIME(9,0,0),C32<TIME(10,0,0)),"0900-1000", IF(AND(C32>=TIME(10,0,0),C32<TIME(11,0,0)),"1000-1100", IF(AND(C32>=TIME(11,0,0),C32<TIME(12,0,0)),"1100-1200", IF(AND(C32>=TIME(12,0,0),C32<TIME(13,0,0)),"1200-1300", IF(AND(C32>=TIME(13,0,0),C32<TIME(14,0,0)),"1300-1400", IF(AND(C32>=TIME(14,0,0),C32<TIME(15,0,0)),"1400-1500", IF(AND(C32>=TIME(15,0,0),C32<TIME(16,0,0)),"1500-1600", IF(AND(C32>=TIME(16,0,0),C32<TIME(17,0,0)),"1600-1700", IF(AND(C32>=TIME(17,0,0),C32<TIME(18,0,0)),"1700-1800", IF(AND(C32>=TIME(18,0,0),C32<TIME(19,0,0)),"1800-1900", IF(AND(C32>=TIME(19,0,0),C32<TIME(20,0,0)),"1900-2000", IF(AND(C32>=TIME(20,0,0),C32<TIME(21,0,0)),"2000-2100", IF(AND(C32>=TIME(21,0,0),C32<TIME(22,0,0)),"2100-2200", IF(AND(C32>=TIME(22,0,0),C32<TIME(23,0,0)),"2200-2300", IF(AND(C32>=TIME(23,0,0),C32<TIME(24,0,0)),"2300-0000","Invalid Time")))))))))))))))))))))))) -> 0900-1000 | E32: 0900-1000 | F32: =_xlfn.CONCAT(B32," ",E32) -> 24.05.2023 0900-1000 | G32: Przegląd_Serwis | H32: wymiana papieru w drukarce | I32: wymiana etykiet st.30, wymiana cover filma st.40 | J32: 7
A33: 45070.249 | B33: 24.05.2023 | C33: 0.24861111 | D33: =IF(AND(C33>=TIME(0,0,0),C33<TIME(1,0,0)),"0000-0100", IF(AND(C33>=TIME(1,0,0),C33<TIME(2,0,0)),"0100-0200", IF(AND(C33>=TIME(2,0,0),C33<TIME(3,0,0)),"0200-0300", IF(AND(C33>=TIME(3,0,0),C33<TIME(4,0,0)),"0300-0400", IF(AND(C33>=TIME(4,0,0),C33<TIME(5,0,0)),"0400-0500", IF(AND(C33>=TIME(5,0,0),C33<TIME(6,0,0)),"0500-0600", IF(AND(C33>=TIME(6,0,0),C33<TIME(7,0,0)),"0600-0700", IF(AND(C33>=TIME(7,0,0),C33<TIME(8,0,0)),"0700-0800", IF(AND(C33>=TIME(8,0,0),C33<TIME(9,0,0)),"0800-0900", IF(AND(C33>=TIME(9,0,0),C33<TIME(10,0,0)),"0900-1000", IF(AND(C33>=TIME(10,0,0),C33<TIME(11,0,0)),"1000-1100", IF(AND(C33>=TIME(11,0,0),C33<TIME(12,0,0)),"1100-1200", IF(AND(C33>=TIME(12,0,0),C33<TIME(13,0,0)),"1200-1300", IF(AND(C33>=TIME(13,0,0),C33<TIME(14,0,0)),"1300-1400", IF(AND(C33>=TIME(14,0,0),C33<TIME(15,0,0)),"1400-1500", IF(AND(C33>=TIME(15,0,0),C33<TIME(16,0,0)),"1500-1600", IF(AND(C33>=TIME(16,0,0),C33<TIME(17,0,0)),"1600-1700", IF(AND(C33>=TIME(17,0,0),C33<TIME(18,0,0)),"1700-1800", IF(AND(C33>=TIME(18,0,0),C33<TIME(19,0,0)),"1800-1900", IF(AND(C33>=TIME(19,0,0),C33<TIME(20,0,0)),"1900-2000", IF(AND(C33>=TIME(20,0,0),C33<TIME(21,0,0)),"2000-2100", IF(AND(C33>=TIME(21,0,0),C33<TIME(22,0,0)),"2100-2200", IF(AND(C33>=TIME(22,0,0),C33<TIME(23,0,0)),"2200-2300", IF(AND(C33>=TIME(23,0,0),C33<TIME(24,0,0)),"2300-0000","Invalid Time")))))))))))))))))))))))) -> 0500-0600 | E33: 0500-0600 | F33: =_xlfn.CONCAT(B33," ",E33) -> 24.05.2023 0500-0600 | G33: Ogolne_Linia | I33: testy kontrolne | J33: 10
A34: 45070.213 | B34: 24.05.2023 | C34: 0.2125 | D34: =IF(AND(C34>=TIME(0,0,0),C34<TIME(1,0,0)),"0000-0100", IF(AND(C34>=TIME(1,0,0),C34<TIME(2,0,0)),"0100-0200", IF(AND(C34>=TIME(2,0,0),C34<TIME(3,0,0)),"0200-0300", IF(AND(C34>=TIME(3,0,0),C34<TIME(4,0,0)),"0300-0400", IF(AND(C34>=TIME(4,0,0),C34<TIME(5,0,0)),"0400-0500", IF(AND(C34>=TIME(5,0,0),C34<TIME(6,0,0)),"0500-0600", IF(AND(C34>=TIME(6,0,0),C34<TIME(7,0,0)),"0600-0700", IF(AND(C34>=TIME(7,0,0),C34<TIME(8,0,0)),"0700-0800", IF(AND(C34>=TIME(8,0,0),C34<TIME(9,0,0)),"0800-0900", IF(AND(C34>=TIME(9,0,0),C34<TIME(10,0,0)),"0900-1000", IF(AND(C34>=TIME(10,0,0),C34<TIME(11,0,0)),"1000-1100", IF(AND(C34>=TIME(11,0,0),C34<TIME(12,0,0)),"1100-1200", IF(AND(C34>=TIME(12,0,0),C34<TIME(13,0,0)),"1200-1300", IF(AND(C34>=TIME(13,0,0),C34<TIME(14,0,0)),"1300-1400", IF(AND(C34>=TIME(14,0,0),C34<TIME(15,0,0)),"1400-1500", IF(AND(C34>=TIME(15,0,0),C34<TIME(16,0,0)),"1500-1600", IF(AND(C34>=TIME(16,0,0),C34<TIME(17,0,0)),"1600-1700", IF(AND(C34>=TIME(17,0,0),C34<TIME(18,0,0)),"1700-1800", IF(AND(C34>=TIME(18,0,0),C34<TIME(19,0,0)),"1800-1900", IF(AND(C34>=TIME(19,0,0),C34<TIME(20,0,0)),"1900-2000", IF(AND(C34>=TIME(20,0,0),C34<TIME(21,0,0)),"2000-2100", IF(AND(C34>=TIME(21,0,0),C34<TIME(22,0,0)),"2100-2200", IF(AND(C34>=TIME(22,0,0),C34<TIME(23,0,0)),"2200-2300", IF(AND(C34>=TIME(23,0,0),C34<TIME(24,0,0)),"2300-0000","Invalid Time")))))))))))))))))))))))) -> 0500-0600 | E34: 0500-0600 | F34: =_xlfn.CONCAT(B34," ",E34) -> 24.05.2023 0500-0600 | G34: Awaria | H34: stacja 20 - praska | I34: zawizsenie motora | J34: 5
A35: 45069.921 | B35: 23.05.2023 | C35: 0.92083333 | D35: =IF(AND(C35>=TIME(0,0,0),C35<TIME(1,0,0)),"0000-0100", IF(AND(C35>=TIME(1,0,0),C35<TIME(2,0,0)),"0100-0200", IF(AND(C35>=TIME(2,0,0),C35<TIME(3,0,0)),"0200-0300", IF(AND(C35>=TIME(3,0,0),C35<TIME(4,0,0)),"0300-0400", IF(AND(C35>=TIME(4,0,0),C35<TIME(5,0,0)),"0400-0500", IF(AND(C35>=TIME(5,0,0),C35<TIME(6,0,0)),"0500-0600", IF(AND(C35>=TIME(6,0,0),C35<TIME(7,0,0)),"0600-0700", IF(AND(C35>=TIME(7,0,0),C35<TIME(8,0,0)),"0700-0800", IF(AND(C35>=TIME(8,0,0),C35<TIME(9,0,0)),"0800-0900", IF(AND(C35>=TIME(9,0,0),C35<TIME(10,0,0)),"0900-1000", IF(AND(C35>=TIME(10,0,0),C35<TIME(11,0,0)),"1000-1100", IF(AND(C35>=TIME(11,0,0),C35<TIME(12,0,0)),"1100-1200", IF(AND(C35>=TIME(12,0,0),C35<TIME(13,0,0)),"1200-1300", IF(AND(C35>=TIME(13,0,0),C35<TIME(14,0,0)),"1300-1400", IF(AND(C35>=TIME(14,0,0),C35<TIME(15,0,0)),"1400-1500", IF(AND(C35>=TIME(15,0,0),C35<TIME(16,0,0)),"1500-1600", IF(AND(C35>=TIME(16,0,0),C35<TIME(17,0,0)),"1600-1700", IF(AND(C35>=TIME(17,0,0),C35<TIME(18,0,0)),"1700-1800", IF(AND(C35>=TIME(18,0,0),C35<TIME(19,0,0)),"1800-1900", IF(AND(C35>=TIME(19,0,0),C35<TIME(20,0,0)),"1900-2000", IF(AND(C35>=TIME(20,0,0),C35<TIME(21,0,0)),"2000-2100", IF(AND(C35>=TIME(21,0,0),C35<TIME(22,0,0)),"2100-2200", IF(AND(C35>=TIME(22,0,0),C35<TIME(23,0,0)),"2200-2300", IF(AND(C35>=TIME(23,0,0),C35<TIME(24,0,0)),"2300-0000","Invalid Time")))))))))))))))))))))))) -> 2200-2300 | E35: 2200-2300 | F35: =_xlfn.CONCAT(B35," ",E35) -> 23.05.2023 2200-2300 | G35: Awaria | H35: stacja 50 - test szczelności | I35: Motory OMPW,wszystkie odpadają na szczelność.Oczekiwanie na DUR | J35: 55
A36: 45069.921 | B36: 23.05.2023 | C36: 0.92083333 | D36: =IF(AND(C36>=TIME(0,0,0),C36<TIME(1,0,0)),"0000-0100", IF(AND(C36>=TIME(1,0,0),C36<TIME(2,0,0)),"0100-0200", IF(AND(C36>=TIME(2,0,0),C36<TIME(3,0,0)),"0200-0300", IF(AND(C36>=TIME(3,0,0),C36<TIME(4,0,0)),"0300-0400", IF(AND(C36>=TIME(4,0,0),C36<TIME(5,0,0)),"0400-0500", IF(AND(C36>=TIME(5,0,0),C36<TIME(6,0,0)),"0500-0600", IF(AND(C36>=TIME(6,0,0),C36<TIME(7,0,0)),"0600-0700", IF(AND(C36>=TIME(7,0,0),C36<TIME(8,0,0)),"0700-0800", IF(AND(C36>=TIME(8,0,0),C36<TIME(9,0,0)),"0800-0900", IF(AND(C36>=TIME(9,0,0),C36<TIME(10,0,0)),"0900-1000", IF(AND(C36>=TIME(10,0,0),C36<TIME(11,0,0)),"1000-1100", IF(AND(C36>=TIME(11,0,0),C36<TIME(12,0,0)),"1100-1200", IF(AND(C36>=TIME(12,0,0),C36<TIME(13,0,0)),"1200-1300", IF(AND(C36>=TIME(13,0,0),C36<TIME(14,0,0)),"1300-1400", IF(AND(C36>=TIME(14,0,0),C36<TIME(15,0,0)),"1400-1500", IF(AND(C36>=TIME(15,0,0),C36<TIME(16,0,0)),"1500-1600", IF(AND(C36>=TIME(16,0,0),C36<TIME(17,0,0)),"1600-1700", IF(AND(C36>=TIME(17,0,0),C36<TIME(18,0,0)),"1700-1800", IF(AND(C36>=TIME(18,0,0),C36<TIME(19,0,0)),"1800-1900", IF(AND(C36>=TIME(19,0,0),C36<TIME(20,0,0)),"1900-2000", IF(AND(C36>=TIME(20,0,0),C36<TIME(21,0,0)),"2000-2100", IF(AND(C36>=TIME(21,0,0),C36<TIME(22,0,0)),"2100-2200", IF(AND(C36>=TIME(22,0,0),C36<TIME(23,0,0)),"2200-2300", IF(AND(C36>=TIME(23,0,0),C36<TIME(24,0,0)),"2300-0000","Invalid Time")))))))))))))))))))))))) -> 2200-2300 | E36: 2200-2300 | F36: =_xlfn.CONCAT(B36," ",E36) -> 23.05.2023 2200-2300 | G36: Ogolne_Linia | H36: zapełnianie linii | I36: testy | J36: 10
A37: 45069.906 | B37: 23.05.2023 | C37: 0.90625 | D37: =IF(AND(C37>=TIME(0,0,0),C37<TIME(1,0,0)),"0000-0100", IF(AND(C37>=TIME(1,0,0),C37<TIME(2,0,0)),"0100-0200", IF(AND(C37>=TIME(2,0,0),C37<TIME(3,0,0)),"0200-0300", IF(AND(C37>=TIME(3,0,0),C37<TIME(4,0,0)),"0300-0400", IF(AND(C37>=TIME(4,0,0),C37<TIME(5,0,0)),"0400-0500", IF(AND(C37>=TIME(5,0,0),C37<TIME(6,0,0)),"0500-0600", IF(AND(C37>=TIME(6,0,0),C37<TIME(7,0,0)),"0600-0700", IF(AND(C37>=TIME(7,0,0),C37<TIME(8,0,0)),"0700-0800", IF(AND(C37>=TIME(8,0,0),C37<TIME(9,0,0)),"0800-0900", IF(AND(C37>=TIME(9,0,0),C37<TIME(10,0,0)),"0900-1000", IF(AND(C37>=TIME(10,0,0),C37<TIME(11,0,0)),"1000-1100", IF(AND(C37>=TIME(11,0,0),C37<TIME(12,0,0)),"1100-1200", IF(AND(C37>=TIME(12,0,0),C37<TIME(13,0,0)),"1200-1300", IF(AND(C37>=TIME(13,0,0),C37<TIME(14,0,0)),"1300-1400", IF(AND(C37>=TIME(14,0,0),C37<TIME(15,0,0)),"1400-1500", IF(AND(C37>=TIME(15,0,0),C37<TIME(16,0,0)),"1500-1600", IF(AND(C37>=TIME(16,0,0),C37<TIME(17,0,0)),"1600-1700", IF(AND(C37>=TIME(17,0,0),C37<TIME(18,0,0)),"1700-1800", IF(AND(C37>=TIME(18,0,0),C37<TIME(19,0,0)),"1800-1900", IF(AND(C37>=TIME(19,0,0),C37<TIME(20,0,0)),"1900-2000", IF(AND(C37>=TIME(20,0,0),C37<TIME(21,0,0)),"2000-2100", IF(AND(C37>=TIME(21,0,0),C37<TIME(22,0,0)),"2100-2200", IF(AND(C37>=TIME(22,0,0),C37<TIME(23,0,0)),"2200-2300", IF(AND(C37>=TIME(23,0,0),C37<TIME(24,0,0)),"2300-0000","Invalid Time")))))))))))))))))))))))) -> 2100-2200 | E37: 2100-2200 | F37: =_xlfn.CONCAT(B37," ",E37) -> 23.05.2023 2100-2200 | G37: Awaria | H37: stacja 50 - test szczelności | I37: Motory OMPW,wszystkie odpadają na szczelność.Oczekiwanie na DUR | J37: 5
A38: 45069.865 | B38: 23.05.2023 | C38: 0.86527778 | D38: =IF(AND(C38>=TIME(0,0,0),C38<TIME(1,0,0)),"0000-0100", IF(AND(C38>=TIME(1,0,0),C38<TIME(2,0,0)),"0100-0200", IF(AND(C38>=TIME(2,0,0),C38<TIME(3,0,0)),"0200-0300", IF(AND(C38>=TIME(3,0,0),C38<TIME(4,0,0)),"0300-0400", IF(AND(C38>=TIME(4,0,0),C38<TIME(5,0,0)),"0400-0500", IF(AND(C38>=TIME(5,0,0),C38<TIME(6,0,0)),"0500-0600", IF(AND(C38>=TIME(6,0,0),C38<TIME(7,0,0)),"0600-0700", IF(AND(C38>=TIME(7,0,0),C38<TIME(8,0,0)),"0700-0800", IF(AND(C38>=TIME(8,0,0),C38<TIME(9,0,0)),"0800-0900", IF(AND(C38>=TIME(9,0,0),C38<TIME(10,0,0)),"0900-1000", IF(AND(C38>=TIME(10,0,0),C38<TIME(11,0,0)),"1000-1100", IF(AND(C38>=TIME(11,0,0),C38<TIME(12,0,0)),"1100-1200", IF(AND(C38>=TIME(12,0,0),C38<TIME(13,0,0)),"1200-1300", IF(AND(C38>=TIME(13,0,0),C38<TIME(14,0,0)),"1300-1400", IF(AND(C38>=TIME(14,0,0),C38<TIME(15,0,0)),"1400-1500", IF(AND(C38>=TIME(15,0,0),C38<TIME(16,0,0)),"1500-1600", IF(AND(C38>=TIME(16,0,0),C38<TIME(17,0,0)),"1600-1700", IF(AND(C38>=TIME(17,0,0),C38<TIME(18,0,0)),"1700-1800", IF(AND(C38>=TIME(18,0,0),C38<TIME(19,0,0)),"1800-1900", IF(AND(C38>=TIME(19,0,0),C38<TIME(20,0,0)),"1900-2000", IF(AND(C38>=TIME(20,0,0),C38<TIME(21,0,0)),"2000-2100", IF(AND(C38>=TIME(21,0,0),C38<TIME(22,0,0)),"2100-2200", IF(AND(C38>=TIME(22,0,0),C38<TIME(23,0,0)),"2200-2300", IF(AND(C38>=TIME(23,0,0),C38<TIME(24,0,0)),"2300-0000","Invalid Time")))))))))))))))))))))))) -> 2000-2100 | E38: 2000-2100 | F38: =_xlfn.CONCAT(B38," ",E38) -> 23.05.2023 2000-2100 | G38: Awaria | H38: stacja 60 - cell 1 | I38: Motory EMD,praca tylko na Cell 2 | J38: 23
A39: 45069.865 | B39: 23.05.2023 | C39: 0.86458333 | D39: =IF(AND(C39>=TIME(0,0,0),C39<TIME(1,0,0)),"0000-0100", IF(AND(C39>=TIME(1,0,0),C39<TIME(2,0,0)),"0100-0200", IF(AND(C39>=TIME(2,0,0),C39<TIME(3,0,0)),"0200-0300", IF(AND(C39>=TIME(3,0,0),C39<TIME(4,0,0)),"0300-0400", IF(AND(C39>=TIME(4,0,0),C39<TIME(5,0,0)),"0400-0500", IF(AND(C39>=TIME(5,0,0),C39<TIME(6,0,0)),"0500-0600", IF(AND(C39>=TIME(6,0,0),C39<TIME(7,0,0)),"0600-0700", IF(AND(C39>=TIME(7,0,0),C39<TIME(8,0,0)),"0700-0800", IF(AND(C39>=TIME(8,0,0),C39<TIME(9,0,0)),"0800-0900", IF(AND(C39>=TIME(9,0,0),C39<TIME(10,0,0)),"0900-1000", IF(AND(C39>=TIME(10,0,0),C39<TIME(11,0,0)),"1000-1100", IF(AND(C39>=TIME(11,0,0),C39<TIME(12,0,0)),"1100-1200", IF(AND(C39>=TIME(12,0,0),C39<TIME(13,0,0)),"1200-1300", IF(AND(C39>=TIME(13,0,0),C39<TIME(14,0,0)),"1300-1400", IF(AND(C39>=TIME(14,0,0),C39<TIME(15,0,0)),"1400-1500", IF(AND(C39>=TIME(15,0,0),C39<TIME(16,0,0)),"1500-1600", IF(AND(C39>=TIME(16,0,0),C39<TIME(17,0,0)),"1600-1700", IF(AND(C39>=TIME(17,0,0),C39<TIME(18,0,0)),"1700-1800", IF(AND(C39>=TIME(18,0,0),C39<TIME(19,0,0)),"1800-1900", IF(AND(C39>=TIME(19,0,0),C39<TIME(20,0,0)),"1900-2000", IF(AND(C39>=TIME(20,0,0),C39<TIME(21,0,0)),"2000-2100", IF(AND(C39>=TIME(21,0,0),C39<TIME(22,0,0)),"2100-2200", IF(AND(C39>=TIME(22,0,0),C39<TIME(23,0,0)),"2200-2300", IF(AND(C39>=TIME(23,0,0),C39<TIME(24,0,0)),"2300-0000","Invalid Time")))))))))))))))))))))))) -> 2000-2100 | E39: 2000-2100 | F39: =_xlfn.CONCAT(B39," ",E39) -> 23.05.2023 2000-2100 | G39: Ogolne_Linia | I39: dodatkowa praca,EMD | J39: 8
A40: 45069.802 | B40: 23.05.2023 | C40: 0.80208333 | D40: =IF(AND(C40>=TIME(0,0,0),C40<TIME(1,0,0)),"0000-0100", IF(AND(C40>=TIME(1,0,0),C40<TIME(2,0,0)),"0100-0200", IF(AND(C40>=TIME(2,0,0),C40<TIME(3,0,0)),"0200-0300", IF(AND(C40>=TIME(3,0,0),C40<TIME(4,0,0)),"0300-0400", IF(AND(C40>=TIME(4,0,0),C40<TIME(5,0,0)),"0400-0500", IF(AND(C40>=TIME(5,0,0),C40<TIME(6,0,0)),"0500-0600", IF(AND(C40>=TIME(6,0,0),C40<TIME(7,0,0)),"0600-0700", IF(AND(C40>=TIME(7,0,0),C40<TIME(8,0,0)),"0700-0800", IF(AND(C40>=TIME(8,0,0),C40<TIME(9,0,0)),"0800-0900", IF(AND(C40>=TIME(9,0,0),C40<TIME(10,0,0)),"0900-1000", IF(AND(C40>=TIME(10,0,0),C40<TIME(11,0,0)),"1000-1100", IF(AND(C40>=TIME(11,0,0),C40<TIME(12,0,0)),"1100-1200", IF(AND(C40>=TIME(12,0,0),C40<TIME(13,0,0)),"1200-1300", IF(AND(C40>=TIME(13,0,0),C40<TIME(14,0,0)),"1300-1400", IF(AND(C40>=TIME(14,0,0),C40<TIME(15,0,0)),"1400-1500", IF(AND(C40>=TIME(15,0,0),C40<TIME(16,0,0)),"1500-1600", IF(AND(C40>=TIME(16,0,0),C40<TIME(17,0,0)),"1600-1700", IF(AND(C40>=TIME(17,0,0),C40<TIME(18,0,0)),"1700-1800", IF(AND(C40>=TIME(18,0,0),C40<TIME(19,0,0)),"1800-1900", IF(AND(C40>=TIME(19,0,0),C40<TIME(20,0,0)),"1900-2000", IF(AND(C40>=TIME(20,0,0),C40<TIME(21,0,0)),"2000-2100", IF(AND(C40>=TIME(21,0,0),C40<TIME(22,0,0)),"2100-2200", IF(AND(C40>=TIME(22,0,0),C40<TIME(23,0,0)),"2200-2300", IF(AND(C40>=TIME(23,0,0),C40<TIME(24,0,0)),"2300-0000","Invalid Time")))))))))))))))))))))))) -> 1900-2000 | E40: 1900-2000 | F40: =_xlfn.CONCAT(B40," ",E40) -> 23.05.2023 1900-2000 | G40: Awaria | H40: stacja 60 - cell 2 | I40: zabłokowany motor OMP X400 | J40: 2
A41: 45069.789 | B41: 23.05.2023 | C41: 0.78888889 | D41: =IF(AND(C41>=TIME(0,0,0),C41<TIME(1,0,0)),"0000-0100", IF(AND(C41>=TIME(1,0,0),C41<TIME(2,0,0)),"0100-0200", IF(AND(C41>=TIME(2,0,0),C41<TIME(3,0,0)),"0200-0300", IF(AND(C41>=TIME(3,0,0),C41<TIME(4,0,0)),"0300-0400", IF(AND(C41>=TIME(4,0,0),C41<TIME(5,0,0)),"0400-0500", IF(AND(C41>=TIME(5,0,0),C41<TIME(6,0,0)),"0500-0600", IF(AND(C41>=TIME(6,0,0),C41<TIME(7,0,0)),"0600-0700", IF(AND(C41>=TIME(7,0,0),C41<TIME(8,0,0)),"0700-0800", IF(AND(C41>=TIME(8,0,0),C41<TIME(9,0,0)),"0800-0900", IF(AND(C41>=TIME(9,0,0),C41<TIME(10,0,0)),"0900-1000", IF(AND(C41>=TIME(10,0,0),C41<TIME(11,0,0)),"1000-1100", IF(AND(C41>=TIME(11,0,0),C41<TIME(12,0,0)),"1100-1200", IF(AND(C41>=TIME(12,0,0),C41<TIME(13,0,0)),"1200-1300", IF(AND(C41>=TIME(13,0,0),C41<TIME(14,0,0)),"1300-1400", IF(AND(C41>=TIME(14,0,0),C41<TIME(15,0,0)),"1400-1500", IF(AND(C41>=TIME(15,0,0),C41<TIME(16,0,0)),"1500-1600", IF(AND(C41>=TIME(16,0,0),C41<TIME(17,0,0)),"1600-1700", IF(AND(C41>=TIME(17,0,0),C41<TIME(18,0,0)),"1700-1800", IF(AND(C41>=TIME(18,0,0),C41<TIME(19,0,0)),"1800-1900", IF(AND(C41>=TIME(19,0,0),C41<TIME(20,0,0)),"1900-2000", IF(AND(C41>=TIME(20,0,0),C41<TIME(21,0,0)),"2000-2100", IF(AND(C41>=TIME(21,0,0),C41<TIME(22,0,0)),"2100-2200", IF(AND(C41>=TIME(22,0,0),C41<TIME(23,0,0)),"2200-2300", IF(AND(C41>=TIME(23,0,0),C41<TIME(24,0,0)),"2300-0000","Invalid Time")))))))))))))))))))))))) -> 1800-1900 | E41: 1800-1900 | F41: =_xlfn.CONCAT(B41," ",E41) -> 23.05.2023 1800-1900 | G41: Jakość | H41: duży odpad | J41: 5
A42: 45069.662 | B42: 23.05.2023 | C42: 0.6625 | D42: =IF(AND(C42>=TIME(0,0,0),C42<TIME(1,0,0)),"0000-0100", IF(AND(C42>=TIME(1,0,0),C42<TIME(2,0,0)),"0100-0200", IF(AND(C42>=TIME(2,0,0),C42<TIME(3,0,0)),"0200-0300", IF(AND(C42>=TIME(3,0,0),C42<TIME(4,0,0)),"0300-0400", IF(AND(C42>=TIME(4,0,0),C42<TIME(5,0,0)),"0400-0500", IF(AND(C42>=TIME(5,0,0),C42<TIME(6,0,0)),"0500-0600", IF(AND(C42>=TIME(6,0,0),C42<TIME(7,0,0)),"0600-0700", IF(AND(C42>=TIME(7,0,0),C42<TIME(8,0,0)),"0700-0800", IF(AND(C42>=TIME(8,0,0),C42<TIME(9,0,0)),"0800-0900", IF(AND(C42>=TIME(9,0,0),C42<TIME(10,0,0)),"0900-1000", IF(AND(C42>=TIME(10,0,0),C42<TIME(11,0,0)),"1000-1100", IF(AND(C42>=TIME(11,0,0),C42<TIME(12,0,0)),"1100-1200", IF(AND(C42>=TIME(12,0,0),C42<TIME(13,0,0)),"1200-1300", IF(AND(C42>=TIME(13,0,0),C42<TIME(14,0,0)),"1300-1400", IF(AND(C42>=TIME(14,0,0),C42<TIME(15,0,0)),"1400-1500", IF(AND(C42>=TIME(15,0,0),C42<TIME(16,0,0)),"1500-1600", IF(AND(C42>=TIME(16,0,0),C42<TIME(17,0,0)),"1600-1700", IF(AND(C42>=TIME(17,0,0),C42<TIME(18,0,0)),"1700-1800", IF(AND(C42>=TIME(18,0,0),C42<TIME(19,0,0)),"1800-1900", IF(AND(C42>=TIME(19,0,0),C42<TIME(20,0,0)),"1900-2000", IF(AND(C42>=TIME(20,0,0),C42<TIME(21,0,0)),"2000-2100", IF(AND(C42>=TIME(21,0,0),C42<TIME(22,0,0)),"2100-2200", IF(AND(C42>=TIME(22,0,0),C42<TIME(23,0,0)),"2200-2300", IF(AND(C42>=TIME(23,0,0),C42<TIME(24,0,0)),"2300-0000","Invalid Time")))))))))))))))))))))))) -> 1500-1600 | E42: 1500-1600 | F42: =_xlfn.CONCAT(B42," ",E42) -> 23.05.2023 1500-1600 | G42: Awaria | H42: stacja 20 - praska | I42: zabłokowany korpus | J42: 2
A43: 45069.608 | B43: 23.05.2023 | C43: 0.60833333 | D43: =IF(AND(C43>=TIME(0,0,0),C43<TIME(1,0,0)),"0000-0100", IF(AND(C43>=TIME(1,0,0),C43<TIME(2,0,0)),"0100-0200", IF(AND(C43>=TIME(2,0,0),C43<TIME(3,0,0)),"0200-0300", IF(AND(C43>=TIME(3,0,0),C43<TIME(4,0,0)),"0300-0400", IF(AND(C43>=TIME(4,0,0),C43<TIME(5,0,0)),"0400-0500", IF(AND(C43>=TIME(5,0,0),C43<TIME(6,0,0)),"0500-0600", IF(AND(C43>=TIME(6,0,0),C43<TIME(7,0,0)),"0600-0700", IF(AND(C43>=TIME(7,0,0),C43<TIME(8,0,0)),"0700-0800", IF(AND(C43>=TIME(8,0,0),C43<TIME(9,0,0)),"0800-0900", IF(AND(C43>=TIME(9,0,0),C43<TIME(10,0,0)),"0900-1000", IF(AND(C43>=TIME(10,0,0),C43<TIME(11,0,0)),"1000-1100", IF(AND(C43>=TIME(11,0,0),C43<TIME(12,0,0)),"1100-1200", IF(AND(C43>=TIME(12,0,0),C43<TIME(13,0,0)),"1200-1300", IF(AND(C43>=TIME(13,0,0),C43<TIME(14,0,0)),"1300-1400", IF(AND(C43>=TIME(14,0,0),C43<TIME(15,0,0)),"1400-1500", IF(AND(C43>=TIME(15,0,0),C43<TIME(16,0,0)),"1500-1600", IF(AND(C43>=TIME(16,0,0),C43<TIME(17,0,0)),"1600-1700", IF(AND(C43>=TIME(17,0,0),C43<TIME(18,0,0)),"1700-1800", IF(AND(C43>=TIME(18,0,0),C43<TIME(19,0,0)),"1800-1900", IF(AND(C43>=TIME(19,0,0),C43<TIME(20,0,0)),"1900-2000", IF(AND(C43>=TIME(20,0,0),C43<TIME(21,0,0)),"2000-2100", IF(AND(C43>=TIME(21,0,0),C43<TIME(22,0,0)),"2100-2200", IF(AND(C43>=TIME(22,0,0),C43<TIME(23,0,0)),"2200-2300", IF(AND(C43>=TIME(23,0,0),C43<TIME(24,0,0)),"2300-0000","Invalid Time")))))))))))))))))))))))) -> 1400-1500 | E43: 1400-1500 | F43: =_xlfn.CONCAT(B43," ",E43) -> 23.05.2023 1400-1500 | G43: Przegląd_Serwis | H43: interwencja DUR | J43: 64
A44: 45069.592 | B44: 23.05.2023 | C44: 0.59166667 | D44: =IF(AND(C44>=TIME(0,0,0),C44<TIME(1,0,0)),"0000-0100", IF(AND(C44>=TIME(1,0,0),C44<TIME(2,0,0)),"0100-0200", IF(AND(C44>=TIME(2,0,0),C44<TIME(3,0,0)),"0200-0300", IF(AND(C44>=TIME(3,0,0),C44<TIME(4,0,0)),"0300-0400", IF(AND(C44>=TIME(4,0,0),C44<TIME(5,0,0)),"0400-0500", IF(AND(C44>=TIME(5,0,0),C44<TIME(6,0,0)),"0500-0600", IF(AND(C44>=TIME(6,0,0),C44<TIME(7,0,0)),"0600-0700", IF(AND(C44>=TIME(7,0,0),C44<TIME(8,0,0)),"0700-0800", IF(AND(C44>=TIME(8,0,0),C44<TIME(9,0,0)),"0800-0900", IF(AND(C44>=TIME(9,0,0),C44<TIME(10,0,0)),"0900-1000", IF(AND(C44>=TIME(10,0,0),C44<TIME(11,0,0)),"1000-1100", IF(AND(C44>=TIME(11,0,0),C44<TIME(12,0,0)),"1100-1200", IF(AND(C44>=TIME(12,0,0),C44<TIME(13,0,0)),"1200-1300", IF(AND(C44>=TIME(13,0,0),C44<TIME(14,0,0)),"1300-1400", IF(AND(C44>=TIME(14,0,0),C44<TIME(15,0,0)),"1400-1500", IF(AND(C44>=TIME(15,0,0),C44<TIME(16,0,0)),"1500-1600", IF(AND(C44>=TIME(16,0,0),C44<TIME(17,0,0)),"1600-1700", IF(AND(C44>=TIME(17,0,0),C44<TIME(18,0,0)),"1700-1800", IF(AND(C44>=TIME(18,0,0),C44<TIME(19,0,0)),"1800-1900", IF(AND(C44>=TIME(19,0,0),C44<TIME(20,0,0)),"1900-2000", IF(AND(C44>=TIME(20,0,0),C44<TIME(21,0,0)),"2000-2100", IF(AND(C44>=TIME(21,0,0),C44<TIME(22,0,0)),"2100-2200", IF(AND(C44>=TIME(22,0,0),C44<TIME(23,0,0)),"2200-2300", IF(AND(C44>=TIME(23,0,0),C44<TIME(24,0,0)),"2300-0000","Invalid Time")))))))))))))))))))))))) -> 1400-1500 | E44: 1400-1500 | F44: =_xlfn.CONCAT(B44," ",E44) -> 23.05.2023 1400-1500 | G44: Awaria | H44: stacja 41 - dokręcanie śrub | I44: zawieszenie X 3 razy | J44: 10
A45: 45069.584 | B45: 23.05.2023 | C45: 0.58402778 | D45: =IF(AND(C45>=TIME(0,0,0),C45<TIME(1,0,0)),"0000-0100", IF(AND(C45>=TIME(1,0,0),C45<TIME(2,0,0)),"0100-0200", IF(AND(C45>=TIME(2,0,0),C45<TIME(3,0,0)),"0200-0300", IF(AND(C45>=TIME(3,0,0),C45<TIME(4,0,0)),"0300-0400", IF(AND(C45>=TIME(4,0,0),C45<TIME(5,0,0)),"0400-0500", IF(AND(C45>=TIME(5,0,0),C45<TIME(6,0,0)),"0500-0600", IF(AND(C45>=TIME(6,0,0),C45<TIME(7,0,0)),"0600-0700", IF(AND(C45>=TIME(7,0,0),C45<TIME(8,0,0)),"0700-0800", IF(AND(C45>=TIME(8,0,0),C45<TIME(9,0,0)),"0800-0900", IF(AND(C45>=TIME(9,0,0),C45<TIME(10,0,0)),"0900-1000", IF(AND(C45>=TIME(10,0,0),C45<TIME(11,0,0)),"1000-1100", IF(AND(C45>=TIME(11,0,0),C45<TIME(12,0,0)),"1100-1200", IF(AND(C45>=TIME(12,0,0),C45<TIME(13,0,0)),"1200-1300", IF(AND(C45>=TIME(13,0,0),C45<TIME(14,0,0)),"1300-1400", IF(AND(C45>=TIME(14,0,0),C45<TIME(15,0,0)),"1400-1500", IF(AND(C45>=TIME(15,0,0),C45<TIME(16,0,0)),"1500-1600", IF(AND(C45>=TIME(16,0,0),C45<TIME(17,0,0)),"1600-1700", IF(AND(C45>=TIME(17,0,0),C45<TIME(18,0,0)),"1700-1800", IF(AND(C45>=TIME(18,0,0),C45<TIME(19,0,0)),"1800-1900", IF(AND(C45>=TIME(19,0,0),C45<TIME(20,0,0)),"1900-2000", IF(AND(C45>=TIME(20,0,0),C45<TIME(21,0,0)),"2000-2100", IF(AND(C45>=TIME(21,0,0),C45<TIME(22,0,0)),"2100-2200", IF(AND(C45>=TIME(22,0,0),C45<TIME(23,0,0)),"2200-2300", IF(AND(C45>=TIME(23,0,0),C45<TIME(24,0,0)),"2300-0000","Invalid Time")))))))))))))))))))))))) -> 1400-1500 | E45: 1400-1500 | F45: =_xlfn.CONCAT(B45," ",E45) -> 23.05.2023 1400-1500 | G45: Ogolne_Linia | I45: testy kontrolne | J45: 10
A46: 45069.574 | B46: 23.05.2023 | C46: 0.57430556 | D46: =IF(AND(C46>=TIME(0,0,0),C46<TIME(1,0,0)),"0000-0100", IF(AND(C46>=TIME(1,0,0),C46<TIME(2,0,0)),"0100-0200", IF(AND(C46>=TIME(2,0,0),C46<TIME(3,0,0)),"0200-0300", IF(AND(C46>=TIME(3,0,0),C46<TIME(4,0,0)),"0300-0400", IF(AND(C46>=TIME(4,0,0),C46<TIME(5,0,0)),"0400-0500", IF(AND(C46>=TIME(5,0,0),C46<TIME(6,0,0)),"0500-0600", IF(AND(C46>=TIME(6,0,0),C46<TIME(7,0,0)),"0600-0700", IF(AND(C46>=TIME(7,0,0),C46<TIME(8,0,0)),"0700-0800", IF(AND(C46>=TIME(8,0,0),C46<TIME(9,0,0)),"0800-0900", IF(AND(C46>=TIME(9,0,0),C46<TIME(10,0,0)),"0900-1000", IF(AND(C46>=TIME(10,0,0),C46<TIME(11,0,0)),"1000-1100", IF(AND(C46>=TIME(11,0,0),C46<TIME(12,0,0)),"1100-1200", IF(AND(C46>=TIME(12,0,0),C46<TIME(13,0,0)),"1200-1300", IF(AND(C46>=TIME(13,0,0),C46<TIME(14,0,0)),"1300-1400", IF(AND(C46>=TIME(14,0,0),C46<TIME(15,0,0)),"1400-1500", IF(AND(C46>=TIME(15,0,0),C46<TIME(16,0,0)),"1500-1600", IF(AND(C46>=TIME(16,0,0),C46<TIME(17,0,0)),"1600-1700", IF(AND(C46>=TIME(17,0,0),C46<TIME(18,0,0)),"1700-1800", IF(AND(C46>=TIME(18,0,0),C46<TIME(19,0,0)),"1800-1900", IF(AND(C46>=TIME(19,0,0),C46<TIME(20,0,0)),"1900-2000", IF(AND(C46>=TIME(20,0,0),C46<TIME(21,0,0)),"2000-2100", IF(AND(C46>=TIME(21,0,0),C46<TIME(22,0,0)),"2100-2200", IF(AND(C46>=TIME(22,0,0),C46<TIME(23,0,0)),"2200-2300", IF(AND(C46>=TIME(23,0,0),C46<TIME(24,0,0)),"2300-0000","Invalid Time")))))))))))))))))))))))) -> 1300-1400 | E46: 1300-1400 | F46: =_xlfn.CONCAT(B46," ",E46) -> 23.05.2023 1300-1400 | G46: Przegląd_Serwis | H46: praca technologa | I46: st.41 | J46: 13
A47: 45069.564 | B47: 23.05.2023 | C47: 0.56388889 | D47: =IF(AND(C47>=TIME(0,0,0),C47<TIME(1,0,0)),"0000-0100", IF(AND(C47>=TIME(1,0,0),C47<TIME(2,0,0)),"0100-0200", IF(AND(C47>=TIME(2,0,0),C47<TIME(3,0,0)),"0200-0300", IF(AND(C47>=TIME(3,0,0),C47<TIME(4,0,0)),"0300-0400", IF(AND(C47>=TIME(4,0,0),C47<TIME(5,0,0)),"0400-0500", IF(AND(C47>=TIME(5,0,0),C47<TIME(6,0,0)),"0500-0600", IF(AND(C47>=TIME(6,0,0),C47<TIME(7,0,0)),"0600-0700", IF(AND(C47>=TIME(7,0,0),C47<TIME(8,0,0)),"0700-0800", IF(AND(C47>=TIME(8,0,0),C47<TIME(9,0,0)),"0800-0900", IF(AND(C47>=TIME(9,0,0),C47<TIME(10,0,0)),"0900-1000", IF(AND(C47>=TIME(10,0,0),C47<TIME(11,0,0)),"1000-1100", IF(AND(C47>=TIME(11,0,0),C47<TIME(12,0,0)),"1100-1200", IF(AND(C47>=TIME(12,0,0),C47<TIME(13,0,0)),"1200-1300", IF(AND(C47>=TIME(13,0,0),C47<TIME(14,0,0)),"1300-1400", IF(AND(C47>=TIME(14,0,0),C47<TIME(15,0,0)),"1400-1500", IF(AND(C47>=TIME(15,0,0),C47<TIME(16,0,0)),"1500-1600", IF(AND(C47>=TIME(16,0,0),C47<TIME(17,0,0)),"1600-1700", IF(AND(C47>=TIME(17,0,0),C47<TIME(18,0,0)),"1700-1800", IF(AND(C47>=TIME(18,0,0),C47<TIME(19,0,0)),"1800-1900", IF(AND(C47>=TIME(19,0,0),C47<TIME(20,0,0)),"1900-2000", IF(AND(C47>=TIME(20,0,0),C47<TIME(21,0,0)),"2000-2100", IF(AND(C47>=TIME(21,0,0),C47<TIME(22,0,0)),"2100-2200", IF(AND(C47>=TIME(22,0,0),C47<TIME(23,0,0)),"2200-2300", IF(AND(C47>=TIME(23,0,0),C47<TIME(24,0,0)),"2300-0000","Invalid Time")))))))))))))))))))))))) -> 1300-1400 | E47: 1300-1400 | F47: =_xlfn.CONCAT(B47," ",E47) -> 23.05.2023 1300-1400 | G47: Awaria | H47: stacja 41 - dokręcanie śrub | I47: zawieszenie, nie skrenca motory (support gripper faulted) | J47: 7
A48: 45069.506 | B48: 23.05.2023 | C48: 0.50555556 | D48: =IF(AND(C48>=TIME(0,0,0),C48<TIME(1,0,0)),"0000-0100", IF(AND(C48>=TIME(1,0,0),C48<TIME(2,0,0)),"0100-0200", IF(AND(C48>=TIME(2,0,0),C48<TIME(3,0,0)),"0200-0300", IF(AND(C48>=TIME(3,0,0),C48<TIME(4,0,0)),"0300-0400", IF(AND(C48>=TIME(4,0,0),C48<TIME(5,0,0)),"0400-0500", IF(AND(C48>=TIME(5,0,0),C48<TIME(6,0,0)),"0500-0600", IF(AND(C48>=TIME(6,0,0),C48<TIME(7,0,0)),"0600-0700", IF(AND(C48>=TIME(7,0,0),C48<TIME(8,0,0)),"0700-0800", IF(AND(C48>=TIME(8,0,0),C48<TIME(9,0,0)),"0800-0900", IF(AND(C48>=TIME(9,0,0),C48<TIME(10,0,0)),"0900-1000", IF(AND(C48>=TIME(10,0,0),C48<TIME(11,0,0)),"1000-1100", IF(AND(C48>=TIME(11,0,0),C48<TIME(12,0,0)),"1100-1200", IF(AND(C48>=TIME(12,0,0),C48<TIME(13,0,0)),"1200-1300", IF(AND(C48>=TIME(13,0,0),C48<TIME(14,0,0)),"1300-1400", IF(AND(C48>=TIME(14,0,0),C48<TIME(15,0,0)),"1400-1500", IF(AND(C48>=TIME(15,0,0),C48<TIME(16,0,0)),"1500-1600", IF(AND(C48>=TIME(16,0,0),C48<TIME(17,0,0)),"1600-1700", IF(AND(C48>=TIME(17,0,0),C48<TIME(18,0,0)),"1700-1800", IF(AND(C48>=TIME(18,0,0),C48<TIME(19,0,0)),"1800-1900", IF(AND(C48>=TIME(19,0,0),C48<TIME(20,0,0)),"1900-2000", IF(AND(C48>=TIME(20,0,0),C48<TIME(21,0,0)),"2000-2100", IF(AND(C48>=TIME(21,0,0),C48<TIME(22,0,0)),"2100-2200", IF(AND(C48>=TIME(22,0,0),C48<TIME(23,0,0)),"2200-2300", IF(AND(C48>=TIME(23,0,0),C48<TIME(24,0,0)),"2300-0000","Invalid Time")))))))))))))))))))))))) -> 1200-1300 | E48: 1200-1300 | F48: =_xlfn.CONCAT(B48," ",E48) -> 23.05.2023 1200-1300 | G48: Awaria | H48: stacja 41 - dokręcanie śrub | I48: zawieszenie, nie skrenca motory (support gripper faulted) | J48: 5
A49: 45069.478 | B49: 23.05.2023 | C49: 0.47777778 | D49: =IF(AND(C49>=TIME(0,0,0),C49<TIME(1,0,0)),"0000-0100", IF(AND(C49>=TIME(1,0,0),C49<TIME(2,0,0)),"0100-0200", IF(AND(C49>=TIME(2,0,0),C49<TIME(3,0,0)),"0200-0300", IF(AND(C49>=TIME(3,0,0),C49<TIME(4,0,0)),"0300-0400", IF(AND(C49>=TIME(4,0,0),C49<TIME(5,0,0)),"0400-0500", IF(AND(C49>=TIME(5,0,0),C49<TIME(6,0,0)),"0500-0600", IF(AND(C49>=TIME(6,0,0),C49<TIME(7,0,0)),"0600-0700", IF(AND(C49>=TIME(7,0,0),C49<TIME(8,0,0)),"0700-0800", IF(AND(C49>=TIME(8,0,0),C49<TIME(9,0,0)),"0800-0900", IF(AND(C49>=TIME(9,0,0),C49<TIME(10,0,0)),"0900-1000", IF(AND(C49>=TIME(10,0,0),C49<TIME(11,0,0)),"1000-1100", IF(AND(C49>=TIME(11,0,0),C49<TIME(12,0,0)),"1100-1200", IF(AND(C49>=TIME(12,0,0),C49<TIME(13,0,0)),"1200-1300", IF(AND(C49>=TIME(13,0,0),C49<TIME(14,0,0)),"1300-1400", IF(AND(C49>=TIME(14,0,0),C49<TIME(15,0,0)),"1400-1500", IF(AND(C49>=TIME(15,0,0),C49<TIME(16,0,0)),"1500-1600", IF(AND(C49>=TIME(16,0,0),C49<TIME(17,0,0)),"1600-1700", IF(AND(C49>=TIME(17,0,0),C49<TIME(18,0,0)),"1700-1800", IF(AND(C49>=TIME(18,0,0),C49<TIME(19,0,0)),"1800-1900", IF(AND(C49>=TIME(19,0,0),C49<TIME(20,0,0)),"1900-2000", IF(AND(C49>=TIME(20,0,0),C49<TIME(21,0,0)),"2000-2100", IF(AND(C49>=TIME(21,0,0),C49<TIME(22,0,0)),"2100-2200", IF(AND(C49>=TIME(22,0,0),C49<TIME(23,0,0)),"2200-2300", IF(AND(C49>=TIME(23,0,0),C49<TIME(24,0,0)),"2300-0000","Invalid Time")))))))))))))))))))))))) -> 1100-1200 | E49: 1100-1200 | F49: =_xlfn.CONCAT(B49," ",E49) -> 23.05.2023 1100-1200 | G49: Awaria | H49: stacja 41 - dokręcanie śrub | I49: zawieszenie, nie skrenca motory (support gripper faulted) | J49: 6
A50: 45069.418 | B50: 23.05.2023 | C50: 0.41805556 | D50: =IF(AND(C50>=TIME(0,0,0),C50<TIME(1,0,0)),"0000-0100", IF(AND(C50>=TIME(1,0,0),C50<TIME(2,0,0)),"0100-0200", IF(AND(C50>=TIME(2,0,0),C50<TIME(3,0,0)),"0200-0300", IF(AND(C50>=TIME(3,0,0),C50<TIME(4,0,0)),"0300-0400", IF(AND(C50>=TIME(4,0,0),C50<TIME(5,0,0)),"0400-0500", IF(AND(C50>=TIME(5,0,0),C50<TIME(6,0,0)),"0500-0600", IF(AND(C50>=TIME(6,0,0),C50<TIME(7,0,0)),"0600-0700", IF(AND(C50>=TIME(7,0,0),C50<TIME(8,0,0)),"0700-0800", IF(AND(C50>=TIME(8,0,0),C50<TIME(9,0,0)),"0800-0900", IF(AND(C50>=TIME(9,0,0),C50<TIME(10,0,0)),"0900-1000", IF(AND(C50>=TIME(10,0,0),C50<TIME(11,0,0)),"1000-1100", IF(AND(C50>=TIME(11,0,0),C50<TIME(12,0,0)),"1100-1200", IF(AND(C50>=TIME(12,0,0),C50<TIME(13,0,0)),"1200-1300", IF(AND(C50>=TIME(13,0,0),C50<TIME(14,0,0)),"1300-1400", IF(AND(C50>=TIME(14,0,0),C50<TIME(15,0,0)),"1400-1500", IF(AND(C50>=TIME(15,0,0),C50<TIME(16,0,0)),"1500-1600", IF(AND(C50>=TIME(16,0,0),C50<TIME(17,0,0)),"1600-1700", IF(AND(C50>=TIME(17,0,0),C50<TIME(18,0,0)),"1700-1800", IF(AND(C50>=TIME(18,0,0),C50<TIME(19,0,0)),"1800-1900", IF(AND(C50>=TIME(19,0,0),C50<TIME(20,0,0)),"1900-2000", IF(AND(C50>=TIME(20,0,0),C50<TIME(21,0,0)),"2000-2100", IF(AND(C50>=TIME(21,0,0),C50<TIME(22,0,0)),"2100-2200", IF(AND(C50>=TIME(22,0,0),C50<TIME(23,0,0)),"2200-2300", IF(AND(C50>=TIME(23,0,0),C50<TIME(24,0,0)),"2300-0000","Invalid Time")))))))))))))))))))))))) -> 1000-1100 | E50: 1000-1100 | F50: =_xlfn.CONCAT(B50," ",E50) -> 23.05.2023 1000-1100 | G50: Przegląd_Serwis | H50: praca technologa | I50: st. 20 | J50: 3
A51: 45069.331 | B51: 23.05.2023 | C51: 0.33125 | D51: =IF(AND(C51>=TIME(0,0,0),C51<TIME(1,0,0)),"0000-0100", IF(AND(C51>=TIME(1,0,0),C51<TIME(2,0,0)),"0100-0200", IF(AND(C51>=TIME(2,0,0),C51<TIME(3,0,0)),"0200-0300", IF(AND(C51>=TIME(3,0,0),C51<TIME(4,0,0)),"0300-0400", IF(AND(C51>=TIME(4,0,0),C51<TIME(5,0,0)),"0400-0500", IF(AND(C51>=TIME(5,0,0),C51<TIME(6,0,0)),"0500-0600", IF(AND(C51>=TIME(6,0,0),C51<TIME(7,0,0)),"0600-0700", IF(AND(C51>=TIME(7,0,0),C51<TIME(8,0,0)),"0700-0800", IF(AND(C51>=TIME(8,0,0),C51<TIME(9,0,0)),"0800-0900", IF(AND(C51>=TIME(9,0,0),C51<TIME(10,0,0)),"0900-1000", IF(AND(C51>=TIME(10,0,0),C51<TIME(11,0,0)),"1000-1100", IF(AND(C51>=TIME(11,0,0),C51<TIME(12,0,0)),"1100-1200", IF(AND(C51>=TIME(12,0,0),C51<TIME(13,0,0)),"1200-1300", IF(AND(C51>=TIME(13,0,0),C51<TIME(14,0,0)),"1300-1400", IF(AND(C51>=TIME(14,0,0),C51<TIME(15,0,0)),"1400-1500", IF(AND(C51>=TIME(15,0,0),C51<TIME(16,0,0)),"1500-1600", IF(AND(C51>=TIME(16,0,0),C51<TIME(17,0,0)),"1600-1700", IF(AND(C51>=TIME(17,0,0),C51<TIME(18,0,0)),"1700-1800", IF(AND(C51>=TIME(18,0,0),C51<TIME(19,0,0)),"1800-1900", IF(AND(C51>=TIME(19,0,0),C51<TIME(20,0,0)),"1900-2000", IF(AND(C51>=TIME(20,0,0),C51<TIME(21,0,0)),"2000-2100", IF(AND(C51>=TIME(21,0,0),C51<TIME(22,0,0)),"2100-2200", IF(AND(C51>=TIME(22,0,0),C51<TIME(23,0,0)),"2200-2300", IF(AND(C51>=TIME(23,0,0),C51<TIME(24,0,0)),"2300-0000","Invalid Time")))))))))))))))))))))))) -> 0700-0800 | E51: 0700-0800 | F51: =_xlfn.CONCAT(B51," ",E51) -> 23.05.2023 0700-0800 | G51: Ogolne_Linia | I51: testy kontrolne o 06:00 | J51: 10
A52: 45069.174 | B52: 23.05.2023 | C52: 0.17361111 | D52: =IF(AND(C52>=TIME(0,0,0),C52<TIME(1,0,0)),"0000-0100", IF(AND(C52>=TIME(1,0,0),C52<TIME(2,0,0)),"0100-0200", IF(AND(C52>=TIME(2,0,0),C52<TIME(3,0,0)),"0200-0300", IF(AND(C52>=TIME(3,0,0),C52<TIME(4,0,0)),"0300-0400", IF(AND(C52>=TIME(4,0,0),C52<TIME(5,0,0)),"0400-0500", IF(AND(C52>=TIME(5,0,0),C52<TIME(6,0,0)),"0500-0600", IF(AND(C52>=TIME(6,0,0),C52<TIME(7,0,0)),"0600-0700", IF(AND(C52>=TIME(7,0,0),C52<TIME(8,0,0)),"0700-0800", IF(AND(C52>=TIME(8,0,0),C52<TIME(9,0,0)),"0800-0900", IF(AND(C52>=TIME(9,0,0),C52<TIME(10,0,0)),"0900-1000", IF(AND(C52>=TIME(10,0,0),C52<TIME(11,0,0)),"1000-1100", IF(AND(C52>=TIME(11,0,0),C52<TIME(12,0,0)),"1100-1200", IF(AND(C52>=TIME(12,0,0),C52<TIME(13,0,0)),"1200-1300", IF(AND(C52>=TIME(13,0,0),C52<TIME(14,0,0)),"1300-1400", IF(AND(C52>=TIME(14,0,0),C52<TIME(15,0,0)),"1400-1500", IF(AND(C52>=TIME(15,0,0),C52<TIME(16,0,0)),"1500-1600", IF(AND(C52>=TIME(16,0,0),C52<TIME(17,0,0)),"1600-1700", IF(AND(C52>=TIME(17,0,0),C52<TIME(18,0,0)),"1700-1800", IF(AND(C52>=TIME(18,0,0),C52<TIME(19,0,0)),"1800-1900", IF(AND(C52>=TIME(19,0,0),C52<TIME(20,0,0)),"1900-2000", IF(AND(C52>=TIME(20,0,0),C52<TIME(21,0,0)),"2000-2100", IF(AND(C52>=TIME(21,0,0),C52<TIME(22,0,0)),"2100-2200", IF(AND(C52>=TIME(22,0,0),C52<TIME(23,0,0)),"2200-2300", IF(AND(C52>=TIME(23,0,0),C52<TIME(24,0,0)),"2300-0000","Invalid Time")))))))))))))))))))))))) -> 0400-0500 | E52: 0400-0500 | F52: =_xlfn.CONCAT(B52," ",E52) -> 23.05.2023 0400-0500 | G52: Awaria | H52: stacja 41 - dokręcanie śrub | J52: 5
A53: 45068.917 | B53: 22.05.2023 | C53: 0.91736111 | D53: =IF(AND(C53>=TIME(0,0,0),C53<TIME(1,0,0)),"0000-0100", IF(AND(C53>=TIME(1,0,0),C53<TIME(2,0,0)),"0100-0200", IF(AND(C53>=TIME(2,0,0),C53<TIME(3,0,0)),"0200-0300", IF(AND(C53>=TIME(3,0,0),C53<TIME(4,0,0)),"0300-0400", IF(AND(C53>=TIME(4,0,0),C53<TIME(5,0,0)),"0400-0500", IF(AND(C53>=TIME(5,0,0),C53<TIME(6,0,0)),"0500-0600", IF(AND(C53>=TIME(6,0,0),C53<TIME(7,0,0)),"0600-0700", IF(AND(C53>=TIME(7,0,0),C53<TIME(8,0,0)),"0700-0800", IF(AND(C53>=TIME(8,0,0),C53<TIME(9,0,0)),"0800-0900", IF(AND(C53>=TIME(9,0,0),C53<TIME(10,0,0)),"0900-1000", IF(AND(C53>=TIME(10,0,0),C53<TIME(11,0,0)),"1000-1100", IF(AND(C53>=TIME(11,0,0),C53<TIME(12,0,0)),"1100-1200", IF(AND(C53>=TIME(12,0,0),C53<TIME(13,0,0)),"1200-1300", IF(AND(C53>=TIME(13,0,0),C53<TIME(14,0,0)),"1300-1400", IF(AND(C53>=TIME(14,0,0),C53<TIME(15,0,0)),"1400-1500", IF(AND(C53>=TIME(15,0,0),C53<TIME(16,0,0)),"1500-1600", IF(AND(C53>=TIME(16,0,0),C53<TIME(17,0,0)),"1600-1700", IF(AND(C53>=TIME(17,0,0),C53<TIME(18,0,0)),"1700-1800", IF(AND(C53>=TIME(18,0,0),C53<TIME(19,0,0)),"1800-1900", IF(AND(C53>=TIME(19,0,0),C53<TIME(20,0,0)),"1900-2000", IF(AND(C53>=TIME(20,0,0),C53<TIME(21,0,0)),"2000-2100", IF(AND(C53>=TIME(21,0,0),C53<TIME(22,0,0)),"2100-2200", IF(AND(C53>=TIME(22,0,0),C53<TIME(23,0,0)),"2200-2300", IF(AND(C53>=TIME(23,0,0),C53<TIME(24,0,0)),"2300-0000","Invalid Time")))))))))))))))))))))))) -> 2200-2300 | E53: 2200-2300 | F53: =_xlfn.CONCAT(B53," ",E53) -> 22.05.2023 2200-2300 | G53: Ogolne_Linia | H53: zapełnianie linii | I53: Testy | J53: 12
A54: 45068.888 | B54: 22.05.2023 | C54: 0.88819444 | D54: =IF(AND(C54>=TIME(0,0,0),C54<TIME(1,0,0)),"0000-0100", IF(AND(C54>=TIME(1,0,0),C54<TIME(2,0,0)),"0100-0200", IF(AND(C54>=TIME(2,0,0),C54<TIME(3,0,0)),"0200-0300", IF(AND(C54>=TIME(3,0,0),C54<TIME(4,0,0)),"0300-0400", IF(AND(C54>=TIME(4,0,0),C54<TIME(5,0,0)),"0400-0500", IF(AND(C54>=TIME(5,0,0),C54<TIME(6,0,0)),"0500-0600", IF(AND(C54>=TIME(6,0,0),C54<TIME(7,0,0)),"0600-0700", IF(AND(C54>=TIME(7,0,0),C54<TIME(8,0,0)),"0700-0800", IF(AND(C54>=TIME(8,0,0),C54<TIME(9,0,0)),"0800-0900", IF(AND(C54>=TIME(9,0,0),C54<TIME(10,0,0)),"0900-1000", IF(AND(C54>=TIME(10,0,0),C54<TIME(11,0,0)),"1000-1100", IF(AND(C54>=TIME(11,0,0),C54<TIME(12,0,0)),"1100-1200", IF(AND(C54>=TIME(12,0,0),C54<TIME(13,0,0)),"1200-1300", IF(AND(C54>=TIME(13,0,0),C54<TIME(14,0,0)),"1300-1400", IF(AND(C54>=TIME(14,0,0),C54<TIME(15,0,0)),"1400-1500", IF(AND(C54>=TIME(15,0,0),C54<TIME(16,0,0)),"1500-1600", IF(AND(C54>=TIME(16,0,0),C54<TIME(17,0,0)),"1600-1700", IF(AND(C54>=TIME(17,0,0),C54<TIME(18,0,0)),"1700-1800", IF(AND(C54>=TIME(18,0,0),C54<TIME(19,0,0)),"1800-1900", IF(AND(C54>=TIME(19,0,0),C54<TIME(20,0,0)),"1900-2000", IF(AND(C54>=TIME(20,0,0),C54<TIME(21,0,0)),"2000-2100", IF(AND(C54>=TIME(21,0,0),C54<TIME(22,0,0)),"2100-2200", IF(AND(C54>=TIME(22,0,0),C54<TIME(23,0,0)),"2200-2300", IF(AND(C54>=TIME(23,0,0),C54<TIME(24,0,0)),"2300-0000","Invalid Time")))))))))))))))))))))))) -> 2100-2200 | E54: 2100-2200 | F54: =_xlfn.CONCAT(B54," ",E54) -> 22.05.2023 2100-2200 | G54: Awaria | H54: stacja 41 - dokręcanie śrub | I54: zawieszenie X 2 razy | J54: 20
A55: 45068.872 | B55: 22.05.2023 | C55: 0.87152778 | D55: =IF(AND(C55>=TIME(0,0,0),C55<TIME(1,0,0)),"0000-0100", IF(AND(C55>=TIME(1,0,0),C55<TIME(2,0,0)),"0100-0200", IF(AND(C55>=TIME(2,0,0),C55<TIME(3,0,0)),"0200-0300", IF(AND(C55>=TIME(3,0,0),C55<TIME(4,0,0)),"0300-0400", IF(AND(C55>=TIME(4,0,0),C55<TIME(5,0,0)),"0400-0500", IF(AND(C55>=TIME(5,0,0),C55<TIME(6,0,0)),"0500-0600", IF(AND(C55>=TIME(6,0,0),C55<TIME(7,0,0)),"0600-0700", IF(AND(C55>=TIME(7,0,0),C55<TIME(8,0,0)),"0700-0800", IF(AND(C55>=TIME(8,0,0),C55<TIME(9,0,0)),"0800-0900", IF(AND(C55>=TIME(9,0,0),C55<TIME(10,0,0)),"0900-1000", IF(AND(C55>=TIME(10,0,0),C55<TIME(11,0,0)),"1000-1100", IF(AND(C55>=TIME(11,0,0),C55<TIME(12,0,0)),"1100-1200", IF(AND(C55>=TIME(12,0,0),C55<TIME(13,0,0)),"1200-1300", IF(AND(C55>=TIME(13,0,0),C55<TIME(14,0,0)),"1300-1400", IF(AND(C55>=TIME(14,0,0),C55<TIME(15,0,0)),"1400-1500", IF(AND(C55>=TIME(15,0,0),C55<TIME(16,0,0)),"1500-1600", IF(AND(C55>=TIME(16,0,0),C55<TIME(17,0,0)),"1600-1700", IF(AND(C55>=TIME(17,0,0),C55<TIME(18,0,0)),"1700-1800", IF(AND(C55>=TIME(18,0,0),C55<TIME(19,0,0)),"1800-1900", IF(AND(C55>=TIME(19,0,0),C55<TIME(20,0,0)),"1900-2000", IF(AND(C55>=TIME(20,0,0),C55<TIME(21,0,0)),"2000-2100", IF(AND(C55>=TIME(21,0,0),C55<TIME(22,0,0)),"2100-2200", IF(AND(C55>=TIME(22,0,0),C55<TIME(23,0,0)),"2200-2300", IF(AND(C55>=TIME(23,0,0),C55<TIME(24,0,0)),"2300-0000","Invalid Time")))))))))))))))))))))))) -> 2000-2100 | E55: 2000-2100 | F55: =_xlfn.CONCAT(B55," ",E55) -> 22.05.2023 2000-2100 | G55: Ogolne_Linia | I55: Audyt | J55: 1
A56: 45068.872 | B56: 22.05.2023 | C56: 0.87152778 | D56: =IF(AND(C56>=TIME(0,0,0),C56<TIME(1,0,0)),"0000-0100", IF(AND(C56>=TIME(1,0,0),C56<TIME(2,0,0)),"0100-0200", IF(AND(C56>=TIME(2,0,0),C56<TIME(3,0,0)),"0200-0300", IF(AND(C56>=TIME(3,0,0),C56<TIME(4,0,0)),"0300-0400", IF(AND(C56>=TIME(4,0,0),C56<TIME(5,0,0)),"0400-0500", IF(AND(C56>=TIME(5,0,0),C56<TIME(6,0,0)),"0500-0600", IF(AND(C56>=TIME(6,0,0),C56<TIME(7,0,0)),"0600-0700", IF(AND(C56>=TIME(7,0,0),C56<TIME(8,0,0)),"0700-0800", IF(AND(C56>=TIME(8,0,0),C56<TIME(9,0,0)),"0800-0900", IF(AND(C56>=TIME(9,0,0),C56<TIME(10,0,0)),"0900-1000", IF(AND(C56>=TIME(10,0,0),C56<TIME(11,0,0)),"1000-1100", IF(AND(C56>=TIME(11,0,0),C56<TIME(12,0,0)),"1100-1200", IF(AND(C56>=TIME(12,0,0),C56<TIME(13,0,0)),"1200-1300", IF(AND(C56>=TIME(13,0,0),C56<TIME(14,0,0)),"1300-1400", IF(AND(C56>=TIME(14,0,0),C56<TIME(15,0,0)),"1400-1500", IF(AND(C56>=TIME(15,0,0),C56<TIME(16,0,0)),"1500-1600", IF(AND(C56>=TIME(16,0,0),C56<TIME(17,0,0)),"1600-1700", IF(AND(C56>=TIME(17,0,0),C56<TIME(18,0,0)),"1700-1800", IF(AND(C56>=TIME(18,0,0),C56<TIME(19,0,0)),"1800-1900", IF(AND(C56>=TIME(19,0,0),C56<TIME(20,0,0)),"1900-2000", IF(AND(C56>=TIME(20,0,0),C56<TIME(21,0,0)),"2000-2100", IF(AND(C56>=TIME(21,0,0),C56<TIME(22,0,0)),"2100-2200", IF(AND(C56>=TIME(22,0,0),C56<TIME(23,0,0)),"2200-2300", IF(AND(C56>=TIME(23,0,0),C56<TIME(24,0,0)),"2300-0000","Invalid Time")))))))))))))))))))))))) -> 2000-2100 | E56: 2000-2100 | F56: =_xlfn.CONCAT(B56," ",E56) -> 22.05.2023 2000-2100 | G56: Przegląd_Serwis | H56: wymiana filtra | I56: HQ003 | J56: 12
A57: 45068.853 | B57: 22.05.2023 | C57: 0.85347222 | D57: =IF(AND(C57>=TIME(0,0,0),C57<TIME(1,0,0)),"0000-0100", IF(AND(C57>=TIME(1,0,0),C57<TIME(2,0,0)),"0100-0200", IF(AND(C57>=TIME(2,0,0),C57<TIME(3,0,0)),"0200-0300", IF(AND(C57>=TIME(3,0,0),C57<TIME(4,0,0)),"0300-0400", IF(AND(C57>=TIME(4,0,0),C57<TIME(5,0,0)),"0400-0500", IF(AND(C57>=TIME(5,0,0),C57<TIME(6,0,0)),"0500-0600", IF(AND(C57>=TIME(6,0,0),C57<TIME(7,0,0)),"0600-0700", IF(AND(C57>=TIME(7,0,0),C57<TIME(8,0,0)),"0700-0800", IF(AND(C57>=TIME(8,0,0),C57<TIME(9,0,0)),"0800-0900", IF(AND(C57>=TIME(9,0,0),C57<TIME(10,0,0)),"0900-1000", IF(AND(C57>=TIME(10,0,0),C57<TIME(11,0,0)),"1000-1100", IF(AND(C57>=TIME(11,0,0),C57<TIME(12,0,0)),"1100-1200", IF(AND(C57>=TIME(12,0,0),C57<TIME(13,0,0)),"1200-1300", IF(AND(C57>=TIME(13,0,0),C57<TIME(14,0,0)),"1300-1400", IF(AND(C57>=TIME(14,0,0),C57<TIME(15,0,0)),"1400-1500", IF(AND(C57>=TIME(15,0,0),C57<TIME(16,0,0)),"1500-1600", IF(AND(C57>=TIME(16,0,0),C57<TIME(17,0,0)),"1600-1700", IF(AND(C57>=TIME(17,0,0),C57<TIME(18,0,0)),"1700-1800", IF(AND(C57>=TIME(18,0,0),C57<TIME(19,0,0)),"1800-1900", IF(AND(C57>=TIME(19,0,0),C57<TIME(20,0,0)),"1900-2000", IF(AND(C57>=TIME(20,0,0),C57<TIME(21,0,0)),"2000-2100", IF(AND(C57>=TIME(21,0,0),C57<TIME(22,0,0)),"2100-2200", IF(AND(C57>=TIME(22,0,0),C57<TIME(23,0,0)),"2200-2300", IF(AND(C57>=TIME(23,0,0),C57<TIME(24,0,0)),"2300-0000","Invalid Time")))))))))))))))))))))))) -> 2000-2100 | E57: 2000-2100 | F57: =_xlfn.CONCAT(B57," ",E57) -> 22.05.2023 2000-2100 | G57: Awaria | H57: stacja 60 - cell 2 | I57: oczekiwanie na Houghton.Wymiana HQ003 | J57: 25
A58: 45068.833 | B58: 22.05.2023 | C58: 0.83333333 | D58: =IF(AND(C58>=TIME(0,0,0),C58<TIME(1,0,0)),"0000-0100", IF(AND(C58>=TIME(1,0,0),C58<TIME(2,0,0)),"0100-0200", IF(AND(C58>=TIME(2,0,0),C58<TIME(3,0,0)),"0200-0300", IF(AND(C58>=TIME(3,0,0),C58<TIME(4,0,0)),"0300-0400", IF(AND(C58>=TIME(4,0,0),C58<TIME(5,0,0)),"0400-0500", IF(AND(C58>=TIME(5,0,0),C58<TIME(6,0,0)),"0500-0600", IF(AND(C58>=TIME(6,0,0),C58<TIME(7,0,0)),"0600-0700", IF(AND(C58>=TIME(7,0,0),C58<TIME(8,0,0)),"0700-0800", IF(AND(C58>=TIME(8,0,0),C58<TIME(9,0,0)),"0800-0900", IF(AND(C58>=TIME(9,0,0),C58<TIME(10,0,0)),"0900-1000", IF(AND(C58>=TIME(10,0,0),C58<TIME(11,0,0)),"1000-1100", IF(AND(C58>=TIME(11,0,0),C58<TIME(12,0,0)),"1100-1200", IF(AND(C58>=TIME(12,0,0),C58<TIME(13,0,0)),"1200-1300", IF(AND(C58>=TIME(13,0,0),C58<TIME(14,0,0)),"1300-1400", IF(AND(C58>=TIME(14,0,0),C58<TIME(15,0,0)),"1400-1500", IF(AND(C58>=TIME(15,0,0),C58<TIME(16,0,0)),"1500-1600", IF(AND(C58>=TIME(16,0,0),C58<TIME(17,0,0)),"1600-1700", IF(AND(C58>=TIME(17,0,0),C58<TIME(18,0,0)),"1700-1800", IF(AND(C58>=TIME(18,0,0),C58<TIME(19,0,0)),"1800-1900", IF(AND(C58>=TIME(19,0,0),C58<TIME(20,0,0)),"1900-2000", IF(AND(C58>=TIME(20,0,0),C58<TIME(21,0,0)),"2000-2100", IF(AND(C58>=TIME(21,0,0),C58<TIME(22,0,0)),"2100-2200", IF(AND(C58>=TIME(22,0,0),C58<TIME(23,0,0)),"2200-2300", IF(AND(C58>=TIME(23,0,0),C58<TIME(24,0,0)),"2300-0000","Invalid Time")))))))))))))))))))))))) -> 2000-2100 | E58: 2000-2100 | F58: =_xlfn.CONCAT(B58," ",E58) -> 22.05.2023 2000-2100 | G58: Ogolne_Linia | H58: dodatkowa przerwa | I58: klimatyczna | J58: 10
A59: 45068.794 | B59: 22.05.2023 | C59: 0.79375 | D59: =IF(AND(C59>=TIME(0,0,0),C59<TIME(1,0,0)),"0000-0100", IF(AND(C59>=TIME(1,0,0),C59<TIME(2,0,0)),"0100-0200", IF(AND(C59>=TIME(2,0,0),C59<TIME(3,0,0)),"0200-0300", IF(AND(C59>=TIME(3,0,0),C59<TIME(4,0,0)),"0300-0400", IF(AND(C59>=TIME(4,0,0),C59<TIME(5,0,0)),"0400-0500", IF(AND(C59>=TIME(5,0,0),C59<TIME(6,0,0)),"0500-0600", IF(AND(C59>=TIME(6,0,0),C59<TIME(7,0,0)),"0600-0700", IF(AND(C59>=TIME(7,0,0),C59<TIME(8,0,0)),"0700-0800", IF(AND(C59>=TIME(8,0,0),C59<TIME(9,0,0)),"0800-0900", IF(AND(C59>=TIME(9,0,0),C59<TIME(10,0,0)),"0900-1000", IF(AND(C59>=TIME(10,0,0),C59<TIME(11,0,0)),"1000-1100", IF(AND(C59>=TIME(11,0,0),C59<TIME(12,0,0)),"1100-1200", IF(AND(C59>=TIME(12,0,0),C59<TIME(13,0,0)),"1200-1300", IF(AND(C59>=TIME(13,0,0),C59<TIME(14,0,0)),"1300-1400", IF(AND(C59>=TIME(14,0,0),C59<TIME(15,0,0)),"1400-1500", IF(AND(C59>=TIME(15,0,0),C59<TIME(16,0,0)),"1500-1600", IF(AND(C59>=TIME(16,0,0),C59<TIME(17,0,0)),"1600-1700", IF(AND(C59>=TIME(17,0,0),C59<TIME(18,0,0)),"1700-1800", IF(AND(C59>=TIME(18,0,0),C59<TIME(19,0,0)),"1800-1900", IF(AND(C59>=TIME(19,0,0),C59<TIME(20,0,0)),"1900-2000", IF(AND(C59>=TIME(20,0,0),C59<TIME(21,0,0)),"2000-2100", IF(AND(C59>=TIME(21,0,0),C59<TIME(22,0,0)),"2100-2200", IF(AND(C59>=TIME(22,0,0),C59<TIME(23,0,0)),"2200-2300", IF(AND(C59>=TIME(23,0,0),C59<TIME(24,0,0)),"2300-0000","Invalid Time")))))))))))))))))))))))) -> 1900-2000 | E59: 1900-2000 | F59: =_xlfn.CONCAT(B59," ",E59) -> 22.05.2023 1900-2000 | G59: Awaria | H59: stacja 41 - dokręcanie śrub | I59: zawieszenie X 7 razy,Brak możliwośći resetowania błędów.Oczekiwanie na DUR | J59: 180
A60: 45068.767 | B60: 22.05.2023 | C60: 0.76666667 | D60: =IF(AND(C60>=TIME(0,0,0),C60<TIME(1,0,0)),"0000-0100", IF(AND(C60>=TIME(1,0,0),C60<TIME(2,0,0)),"0100-0200", IF(AND(C60>=TIME(2,0,0),C60<TIME(3,0,0)),"0200-0300", IF(AND(C60>=TIME(3,0,0),C60<TIME(4,0,0)),"0300-0400", IF(AND(C60>=TIME(4,0,0),C60<TIME(5,0,0)),"0400-0500", IF(AND(C60>=TIME(5,0,0),C60<TIME(6,0,0)),"0500-0600", IF(AND(C60>=TIME(6,0,0),C60<TIME(7,0,0)),"0600-0700", IF(AND(C60>=TIME(7,0,0),C60<TIME(8,0,0)),"0700-0800", IF(AND(C60>=TIME(8,0,0),C60<TIME(9,0,0)),"0800-0900", IF(AND(C60>=TIME(9,0,0),C60<TIME(10,0,0)),"0900-1000", IF(AND(C60>=TIME(10,0,0),C60<TIME(11,0,0)),"1000-1100", IF(AND(C60>=TIME(11,0,0),C60<TIME(12,0,0)),"1100-1200", IF(AND(C60>=TIME(12,0,0),C60<TIME(13,0,0)),"1200-1300", IF(AND(C60>=TIME(13,0,0),C60<TIME(14,0,0)),"1300-1400", IF(AND(C60>=TIME(14,0,0),C60<TIME(15,0,0)),"1400-1500", IF(AND(C60>=TIME(15,0,0),C60<TIME(16,0,0)),"1500-1600", IF(AND(C60>=TIME(16,0,0),C60<TIME(17,0,0)),"1600-1700", IF(AND(C60>=TIME(17,0,0),C60<TIME(18,0,0)),"1700-1800", IF(AND(C60>=TIME(18,0,0),C60<TIME(19,0,0)),"1800-1900", IF(AND(C60>=TIME(19,0,0),C60<TIME(20,0,0)),"1900-2000", IF(AND(C60>=TIME(20,0,0),C60<TIME(21,0,0)),"2000-2100", IF(AND(C60>=TIME(21,0,0),C60<TIME(22,0,0)),"2100-2200", IF(AND(C60>=TIME(22,0,0),C60<TIME(23,0,0)),"2200-2300", IF(AND(C60>=TIME(23,0,0),C60<TIME(24,0,0)),"2300-0000","Invalid Time")))))))))))))))))))))))) -> 1800-1900 | E60: 1800-1900 | F60: =_xlfn.CONCAT(B60," ",E60) -> 22.05.2023 1800-1900 | G60: Awaria | H60: stacja 40 - montaż śrub | I60: zawieszenie X 3 razy | J60: 14
A61: 45068.751 | B61: 22.05.2023 | C61: 0.75138889 | D61: =IF(AND(C61>=TIME(0,0,0),C61<TIME(1,0,0)),"0000-0100", IF(AND(C61>=TIME(1,0,0),C61<TIME(2,0,0)),"0100-0200", IF(AND(C61>=TIME(2,0,0),C61<TIME(3,0,0)),"0200-0300", IF(AND(C61>=TIME(3,0,0),C61<TIME(4,0,0)),"0300-0400", IF(AND(C61>=TIME(4,0,0),C61<TIME(5,0,0)),"0400-0500", IF(AND(C61>=TIME(5,0,0),C61<TIME(6,0,0)),"0500-0600", IF(AND(C61>=TIME(6,0,0),C61<TIME(7,0,0)),"0600-0700", IF(AND(C61>=TIME(7,0,0),C61<TIME(8,0,0)),"0700-0800", IF(AND(C61>=TIME(8,0,0),C61<TIME(9,0,0)),"0800-0900", IF(AND(C61>=TIME(9,0,0),C61<TIME(10,0,0)),"0900-1000", IF(AND(C61>=TIME(10,0,0),C61<TIME(11,0,0)),"1000-1100", IF(AND(C61>=TIME(11,0,0),C61<TIME(12,0,0)),"1100-1200", IF(AND(C61>=TIME(12,0,0),C61<TIME(13,0,0)),"1200-1300", IF(AND(C61>=TIME(13,0,0),C61<TIME(14,0,0)),"1300-1400", IF(AND(C61>=TIME(14,0,0),C61<TIME(15,0,0)),"1400-1500", IF(AND(C61>=TIME(15,0,0),C61<TIME(16,0,0)),"1500-1600", IF(AND(C61>=TIME(16,0,0),C61<TIME(17,0,0)),"1600-1700", IF(AND(C61>=TIME(17,0,0),C61<TIME(18,0,0)),"1700-1800", IF(AND(C61>=TIME(18,0,0),C61<TIME(19,0,0)),"1800-1900", IF(AND(C61>=TIME(19,0,0),C61<TIME(20,0,0)),"1900-2000", IF(AND(C61>=TIME(20,0,0),C61<TIME(21,0,0)),"2000-2100", IF(AND(C61>=TIME(21,0,0),C61<TIME(22,0,0)),"2100-2200", IF(AND(C61>=TIME(22,0,0),C61<TIME(23,0,0)),"2200-2300", IF(AND(C61>=TIME(23,0,0),C61<TIME(24,0,0)),"2300-0000","Invalid Time")))))))))))))))))))))))) -> 1800-1900 | E61: 1800-1900 | F61: =_xlfn.CONCAT(B61," ",E61) -> 22.05.2023 1800-1900 | G61: Jakość | H61: selekcja komponentów | I61: pomylone kartki z kodem wałka. Z 11183554 na 11059528.Oczekiwanie na decyzje koordynatora | J61: 5
A62: 45068.68 | B62: 22.05.2023 | C62: 0.67986111 | D62: =IF(AND(C62>=TIME(0,0,0),C62<TIME(1,0,0)),"0000-0100", IF(AND(C62>=TIME(1,0,0),C62<TIME(2,0,0)),"0100-0200", IF(AND(C62>=TIME(2,0,0),C62<TIME(3,0,0)),"0200-0300", IF(AND(C62>=TIME(3,0,0),C62<TIME(4,0,0)),"0300-0400", IF(AND(C62>=TIME(4,0,0),C62<TIME(5,0,0)),"0400-0500", IF(AND(C62>=TIME(5,0,0),C62<TIME(6,0,0)),"0500-0600", IF(AND(C62>=TIME(6,0,0),C62<TIME(7,0,0)),"0600-0700", IF(AND(C62>=TIME(7,0,0),C62<TIME(8,0,0)),"0700-0800", IF(AND(C62>=TIME(8,0,0),C62<TIME(9,0,0)),"0800-0900", IF(AND(C62>=TIME(9,0,0),C62<TIME(10,0,0)),"0900-1000", IF(AND(C62>=TIME(10,0,0),C62<TIME(11,0,0)),"1000-1100", IF(AND(C62>=TIME(11,0,0),C62<TIME(12,0,0)),"1100-1200", IF(AND(C62>=TIME(12,0,0),C62<TIME(13,0,0)),"1200-1300", IF(AND(C62>=TIME(13,0,0),C62<TIME(14,0,0)),"1300-1400", IF(AND(C62>=TIME(14,0,0),C62<TIME(15,0,0)),"1400-1500", IF(AND(C62>=TIME(15,0,0),C62<TIME(16,0,0)),"1500-1600", IF(AND(C62>=TIME(16,0,0),C62<TIME(17,0,0)),"1600-1700", IF(AND(C62>=TIME(17,0,0),C62<TIME(18,0,0)),"1700-1800", IF(AND(C62>=TIME(18,0,0),C62<TIME(19,0,0)),"1800-1900", IF(AND(C62>=TIME(19,0,0),C62<TIME(20,0,0)),"1900-2000", IF(AND(C62>=TIME(20,0,0),C62<TIME(21,0,0)),"2000-2100", IF(AND(C62>=TIME(21,0,0),C62<TIME(22,0,0)),"2100-2200", IF(AND(C62>=TIME(22,0,0),C62<TIME(23,0,0)),"2200-2300", IF(AND(C62>=TIME(23,0,0),C62<TIME(24,0,0)),"2300-0000","Invalid Time")))))))))))))))))))))))) -> 1600-1700 | E62: 1600-1700 | F62: =_xlfn.CONCAT(B62," ",E62) -> 22.05.2023 1600-1700 | G62: Awaria | H62: stacja 41 - dokręcanie śrub | I62: zawieszenieX2 razy | J62: 5
A63: 45068.665 | B63: 22.05.2023 | C63: 0.66527778 | D63: =IF(AND(C63>=TIME(0,0,0),C63<TIME(1,0,0)),"0000-0100", IF(AND(C63>=TIME(1,0,0),C63<TIME(2,0,0)),"0100-0200", IF(AND(C63>=TIME(2,0,0),C63<TIME(3,0,0)),"0200-0300", IF(AND(C63>=TIME(3,0,0),C63<TIME(4,0,0)),"0300-0400", IF(AND(C63>=TIME(4,0,0),C63<TIME(5,0,0)),"0400-0500", IF(AND(C63>=TIME(5,0,0),C63<TIME(6,0,0)),"0500-0600", IF(AND(C63>=TIME(6,0,0),C63<TIME(7,0,0)),"0600-0700", IF(AND(C63>=TIME(7,0,0),C63<TIME(8,0,0)),"0700-0800", IF(AND(C63>=TIME(8,0,0),C63<TIME(9,0,0)),"0800-0900", IF(AND(C63>=TIME(9,0,0),C63<TIME(10,0,0)),"0900-1000", IF(AND(C63>=TIME(10,0,0),C63<TIME(11,0,0)),"1000-1100", IF(AND(C63>=TIME(11,0,0),C63<TIME(12,0,0)),"1100-1200", IF(AND(C63>=TIME(12,0,0),C63<TIME(13,0,0)),"1200-1300", IF(AND(C63>=TIME(13,0,0),C63<TIME(14,0,0)),"1300-1400", IF(AND(C63>=TIME(14,0,0),C63<TIME(15,0,0)),"1400-1500", IF(AND(C63>=TIME(15,0,0),C63<TIME(16,0,0)),"1500-1600", IF(AND(C63>=TIME(16,0,0),C63<TIME(17,0,0)),"1600-1700", IF(AND(C63>=TIME(17,0,0),C63<TIME(18,0,0)),"1700-1800", IF(AND(C63>=TIME(18,0,0),C63<TIME(19,0,0)),"1800-1900", IF(AND(C63>=TIME(19,0,0),C63<TIME(20,0,0)),"1900-2000", IF(AND(C63>=TIME(20,0,0),C63<TIME(21,0,0)),"2000-2100", IF(AND(C63>=TIME(21,0,0),C63<TIME(22,0,0)),"2100-2200", IF(AND(C63>=TIME(22,0,0),C63<TIME(23,0,0)),"2200-2300", IF(AND(C63>=TIME(23,0,0),C63<TIME(24,0,0)),"2300-0000","Invalid Time")))))))))))))))))))))))) -> 1500-1600 | E63: 1500-1600 | F63: =_xlfn.CONCAT(B63," ",E63) -> 22.05.2023 1500-1600 | G63: Ogolne_Linia | H63: dodatkowa przerwa | I63: termiczna | J63: 10
A64: 45068.647 | B64: 22.05.2023 | C64: 0.64652778 | D64: =IF(AND(C64>=TIME(0,0,0),C64<TIME(1,0,0)),"0000-0100", IF(AND(C64>=TIME(1,0,0),C64<TIME(2,0,0)),"0100-0200", IF(AND(C64>=TIME(2,0,0),C64<TIME(3,0,0)),"0200-0300", IF(AND(C64>=TIME(3,0,0),C64<TIME(4,0,0)),"0300-0400", IF(AND(C64>=TIME(4,0,0),C64<TIME(5,0,0)),"0400-0500", IF(AND(C64>=TIME(5,0,0),C64<TIME(6,0,0)),"0500-0600", IF(AND(C64>=TIME(6,0,0),C64<TIME(7,0,0)),"0600-0700", IF(AND(C64>=TIME(7,0,0),C64<TIME(8,0,0)),"0700-0800", IF(AND(C64>=TIME(8,0,0),C64<TIME(9,0,0)),"0800-0900", IF(AND(C64>=TIME(9,0,0),C64<TIME(10,0,0)),"0900-1000", IF(AND(C64>=TIME(10,0,0),C64<TIME(11,0,0)),"1000-1100", IF(AND(C64>=TIME(11,0,0),C64<TIME(12,0,0)),"1100-1200", IF(AND(C64>=TIME(12,0,0),C64<TIME(13,0,0)),"1200-1300", IF(AND(C64>=TIME(13,0,0),C64<TIME(14,0,0)),"1300-1400", IF(AND(C64>=TIME(14,0,0),C64<TIME(15,0,0)),"1400-1500", IF(AND(C64>=TIME(15,0,0),C64<TIME(16,0,0)),"1500-1600", IF(AND(C64>=TIME(16,0,0),C64<TIME(17,0,0)),"1600-1700", IF(AND(C64>=TIME(17,0,0),C64<TIME(18,0,0)),"1700-1800", IF(AND(C64>=TIME(18,0,0),C64<TIME(19,0,0)),"1800-1900", IF(AND(C64>=TIME(19,0,0),C64<TIME(20,0,0)),"1900-2000", IF(AND(C64>=TIME(20,0,0),C64<TIME(21,0,0)),"2000-2100", IF(AND(C64>=TIME(21,0,0),C64<TIME(22,0,0)),"2100-2200", IF(AND(C64>=TIME(22,0,0),C64<TIME(23,0,0)),"2200-2300", IF(AND(C64>=TIME(23,0,0),C64<TIME(24,0,0)),"2300-0000","Invalid Time")))))))))))))))))))))))) -> 1500-1600 | E64: 1500-1600 | F64: =_xlfn.CONCAT(B64," ",E64) -> 22.05.2023 1500-1600 | G64: Awaria | H64: stacja 41 - dokręcanie śrub | I64: zawieszenie | J64: 5
A65: 45068.618 | B65: 22.05.2023 | C65: 0.61805556 | D65: =IF(AND(C65>=TIME(0,0,0),C65<TIME(1,0,0)),"0000-0100", IF(AND(C65>=TIME(1,0,0),C65<TIME(2,0,0)),"0100-0200", IF(AND(C65>=TIME(2,0,0),C65<TIME(3,0,0)),"0200-0300", IF(AND(C65>=TIME(3,0,0),C65<TIME(4,0,0)),"0300-0400", IF(AND(C65>=TIME(4,0,0),C65<TIME(5,0,0)),"0400-0500", IF(AND(C65>=TIME(5,0,0),C65<TIME(6,0,0)),"0500-0600", IF(AND(C65>=TIME(6,0,0),C65<TIME(7,0,0)),"0600-0700", IF(AND(C65>=TIME(7,0,0),C65<TIME(8,0,0)),"0700-0800", IF(AND(C65>=TIME(8,0,0),C65<TIME(9,0,0)),"0800-0900", IF(AND(C65>=TIME(9,0,0),C65<TIME(10,0,0)),"0900-1000", IF(AND(C65>=TIME(10,0,0),C65<TIME(11,0,0)),"1000-1100", IF(AND(C65>=TIME(11,0,0),C65<TIME(12,0,0)),"1100-1200", IF(AND(C65>=TIME(12,0,0),C65<TIME(13,0,0)),"1200-1300", IF(AND(C65>=TIME(13,0,0),C65<TIME(14,0,0)),"1300-1400", IF(AND(C65>=TIME(14,0,0),C65<TIME(15,0,0)),"1400-1500", IF(AND(C65>=TIME(15,0,0),C65<TIME(16,0,0)),"1500-1600", IF(AND(C65>=TIME(16,0,0),C65<TIME(17,0,0)),"1600-1700", IF(AND(C65>=TIME(17,0,0),C65<TIME(18,0,0)),"1700-1800", IF(AND(C65>=TIME(18,0,0),C65<TIME(19,0,0)),"1800-1900", IF(AND(C65>=TIME(19,0,0),C65<TIME(20,0,0)),"1900-2000", IF(AND(C65>=TIME(20,0,0),C65<TIME(21,0,0)),"2000-2100", IF(AND(C65>=TIME(21,0,0),C65<TIME(22,0,0)),"2100-2200", IF(AND(C65>=TIME(22,0,0),C65<TIME(23,0,0)),"2200-2300", IF(AND(C65>=TIME(23,0,0),C65<TIME(24,0,0)),"2300-0000","Invalid Time")))))))))))))))))))))))) -> 1400-1500 | E65: 1400-1500 | F65: =_xlfn.CONCAT(B65," ",E65) -> 22.05.2023 1400-1500 | G65: Awaria | H65: stacja 41 - dokręcanie śrub | I65: zawieszenie | J65: 4
A66: 45068.583 | B66: 22.05.2023 | C66: 0.58263889 | D66: =IF(AND(C66>=TIME(0,0,0),C66<TIME(1,0,0)),"0000-0100", IF(AND(C66>=TIME(1,0,0),C66<TIME(2,0,0)),"0100-0200", IF(AND(C66>=TIME(2,0,0),C66<TIME(3,0,0)),"0200-0300", IF(AND(C66>=TIME(3,0,0),C66<TIME(4,0,0)),"0300-0400", IF(AND(C66>=TIME(4,0,0),C66<TIME(5,0,0)),"0400-0500", IF(AND(C66>=TIME(5,0,0),C66<TIME(6,0,0)),"0500-0600", IF(AND(C66>=TIME(6,0,0),C66<TIME(7,0,0)),"0600-0700", IF(AND(C66>=TIME(7,0,0),C66<TIME(8,0,0)),"0700-0800", IF(AND(C66>=TIME(8,0,0),C66<TIME(9,0,0)),"0800-0900", IF(AND(C66>=TIME(9,0,0),C66<TIME(10,0,0)),"0900-1000", IF(AND(C66>=TIME(10,0,0),C66<TIME(11,0,0)),"1000-1100", IF(AND(C66>=TIME(11,0,0),C66<TIME(12,0,0)),"1100-1200", IF(AND(C66>=TIME(12,0,0),C66<TIME(13,0,0)),"1200-1300", IF(AND(C66>=TIME(13,0,0),C66<TIME(14,0,0)),"1300-1400", IF(AND(C66>=TIME(14,0,0),C66<TIME(15,0,0)),"1400-1500", IF(AND(C66>=TIME(15,0,0),C66<TIME(16,0,0)),"1500-1600", IF(AND(C66>=TIME(16,0,0),C66<TIME(17,0,0)),"1600-1700", IF(AND(C66>=TIME(17,0,0),C66<TIME(18,0,0)),"1700-1800", IF(AND(C66>=TIME(18,0,0),C66<TIME(19,0,0)),"1800-1900", IF(AND(C66>=TIME(19,0,0),C66<TIME(20,0,0)),"1900-2000", IF(AND(C66>=TIME(20,0,0),C66<TIME(21,0,0)),"2000-2100", IF(AND(C66>=TIME(21,0,0),C66<TIME(22,0,0)),"2100-2200", IF(AND(C66>=TIME(22,0,0),C66<TIME(23,0,0)),"2200-2300", IF(AND(C66>=TIME(23,0,0),C66<TIME(24,0,0)),"2300-0000","Invalid Time")))))))))))))))))))))))) -> 1300-1400 | E66: 1300-1400 | F66: =_xlfn.CONCAT(B66," ",E66) -> 22.05.2023 1300-1400 | G66: Ogolne_Linia | I66: testy kontrolne | J66: 10
A67: 45068.476 | B67: 22.05.2023 | C67: 0.47638889 | D67: =IF(AND(C67>=TIME(0,0,0),C67<TIME(1,0,0)),"0000-0100", IF(AND(C67>=TIME(1,0,0),C67<TIME(2,0,0)),"0100-0200", IF(AND(C67>=TIME(2,0,0),C67<TIME(3,0,0)),"0200-0300", IF(AND(C67>=TIME(3,0,0),C67<TIME(4,0,0)),"0300-0400", IF(AND(C67>=TIME(4,0,0),C67<TIME(5,0,0)),"0400-0500", IF(AND(C67>=TIME(5,0,0),C67<TIME(6,0,0)),"0500-0600", IF(AND(C67>=TIME(6,0,0),C67<TIME(7,0,0)),"0600-0700", IF(AND(C67>=TIME(7,0,0),C67<TIME(8,0,0)),"0700-0800", IF(AND(C67>=TIME(8,0,0),C67<TIME(9,0,0)),"0800-0900", IF(AND(C67>=TIME(9,0,0),C67<TIME(10,0,0)),"0900-1000", IF(AND(C67>=TIME(10,0,0),C67<TIME(11,0,0)),"1000-1100", IF(AND(C67>=TIME(11,0,0),C67<TIME(12,0,0)),"1100-1200", IF(AND(C67>=TIME(12,0,0),C67<TIME(13,0,0)),"1200-1300", IF(AND(C67>=TIME(13,0,0),C67<TIME(14,0,0)),"1300-1400", IF(AND(C67>=TIME(14,0,0),C67<TIME(15,0,0)),"1400-1500", IF(AND(C67>=TIME(15,0,0),C67<TIME(16,0,0)),"1500-1600", IF(AND(C67>=TIME(16,0,0),C67<TIME(17,0,0)),"1600-1700", IF(AND(C67>=TIME(17,0,0),C67<TIME(18,0,0)),"1700-1800", IF(AND(C67>=TIME(18,0,0),C67<TIME(19,0,0)),"1800-1900", IF(AND(C67>=TIME(19,0,0),C67<TIME(20,0,0)),"1900-2000", IF(AND(C67>=TIME(20,0,0),C67<TIME(21,0,0)),"2000-2100", IF(AND(C67>=TIME(21,0,0),C67<TIME(22,0,0)),"2100-2200", IF(AND(C67>=TIME(22,0,0),C67<TIME(23,0,0)),"2200-2300", IF(AND(C67>=TIME(23,0,0),C67<TIME(24,0,0)),"2300-0000","Invalid Time")))))))))))))))))))))))) -> 1100-1200 | E67: 1100-1200 | F67: =_xlfn.CONCAT(B67," ",E67) -> 22.05.2023 1100-1200 | G67: Awaria | H67: stacja 60 - cell 2 | I67: zablokowany motor OMRx160 w cell, error log | J67: 5
A68: 45068.453 | B68: 22.05.2023 | C68: 0.45347222 | D68: =IF(AND(C68>=TIME(0,0,0),C68<TIME(1,0,0)),"0000-0100", IF(AND(C68>=TIME(1,0,0),C68<TIME(2,0,0)),"0100-0200", IF(AND(C68>=TIME(2,0,0),C68<TIME(3,0,0)),"0200-0300", IF(AND(C68>=TIME(3,0,0),C68<TIME(4,0,0)),"0300-0400", IF(AND(C68>=TIME(4,0,0),C68<TIME(5,0,0)),"0400-0500", IF(AND(C68>=TIME(5,0,0),C68<TIME(6,0,0)),"0500-0600", IF(AND(C68>=TIME(6,0,0),C68<TIME(7,0,0)),"0600-0700", IF(AND(C68>=TIME(7,0,0),C68<TIME(8,0,0)),"0700-0800", IF(AND(C68>=TIME(8,0,0),C68<TIME(9,0,0)),"0800-0900", IF(AND(C68>=TIME(9,0,0),C68<TIME(10,0,0)),"0900-1000", IF(AND(C68>=TIME(10,0,0),C68<TIME(11,0,0)),"1000-1100", IF(AND(C68>=TIME(11,0,0),C68<TIME(12,0,0)),"1100-1200", IF(AND(C68>=TIME(12,0,0),C68<TIME(13,0,0)),"1200-1300", IF(AND(C68>=TIME(13,0,0),C68<TIME(14,0,0)),"1300-1400", IF(AND(C68>=TIME(14,0,0),C68<TIME(15,0,0)),"1400-1500", IF(AND(C68>=TIME(15,0,0),C68<TIME(16,0,0)),"1500-1600", IF(AND(C68>=TIME(16,0,0),C68<TIME(17,0,0)),"1600-1700", IF(AND(C68>=TIME(17,0,0),C68<TIME(18,0,0)),"1700-1800", IF(AND(C68>=TIME(18,0,0),C68<TIME(19,0,0)),"1800-1900", IF(AND(C68>=TIME(19,0,0),C68<TIME(20,0,0)),"1900-2000", IF(AND(C68>=TIME(20,0,0),C68<TIME(21,0,0)),"2000-2100", IF(AND(C68>=TIME(21,0,0),C68<TIME(22,0,0)),"2100-2200", IF(AND(C68>=TIME(22,0,0),C68<TIME(23,0,0)),"2200-2300", IF(AND(C68>=TIME(23,0,0),C68<TIME(24,0,0)),"2300-0000","Invalid Time")))))))))))))))))))))))) -> 1000-1100 | E68: 1000-1100 | F68: =_xlfn.CONCAT(B68," ",E68) -> 22.05.2023 1000-1100 | G68: Przegląd_Serwis | H68: praca technologa | I68: st.20 | J68: 21
A69: 45068.451 | B69: 22.05.2023 | C69: 0.45069444 | D69: =IF(AND(C69>=TIME(0,0,0),C69<TIME(1,0,0)),"0000-0100", IF(AND(C69>=TIME(1,0,0),C69<TIME(2,0,0)),"0100-0200", IF(AND(C69>=TIME(2,0,0),C69<TIME(3,0,0)),"0200-0300", IF(AND(C69>=TIME(3,0,0),C69<TIME(4,0,0)),"0300-0400", IF(AND(C69>=TIME(4,0,0),C69<TIME(5,0,0)),"0400-0500", IF(AND(C69>=TIME(5,0,0),C69<TIME(6,0,0)),"0500-0600", IF(AND(C69>=TIME(6,0,0),C69<TIME(7,0,0)),"0600-0700", IF(AND(C69>=TIME(7,0,0),C69<TIME(8,0,0)),"0700-0800", IF(AND(C69>=TIME(8,0,0),C69<TIME(9,0,0)),"0800-0900", IF(AND(C69>=TIME(9,0,0),C69<TIME(10,0,0)),"0900-1000", IF(AND(C69>=TIME(10,0,0),C69<TIME(11,0,0)),"1000-1100", IF(AND(C69>=TIME(11,0,0),C69<TIME(12,0,0)),"1100-1200", IF(AND(C69>=TIME(12,0,0),C69<TIME(13,0,0)),"1200-1300", IF(AND(C69>=TIME(13,0,0),C69<TIME(14,0,0)),"1300-1400", IF(AND(C69>=TIME(14,0,0),C69<TIME(15,0,0)),"1400-1500", IF(AND(C69>=TIME(15,0,0),C69<TIME(16,0,0)),"1500-1600", IF(AND(C69>=TIME(16,0,0),C69<TIME(17,0,0)),"1600-1700", IF(AND(C69>=TIME(17,0,0),C69<TIME(18,0,0)),"1700-1800", IF(AND(C69>=TIME(18,0,0),C69<TIME(19,0,0)),"1800-1900", IF(AND(C69>=TIME(19,0,0),C69<TIME(20,0,0)),"1900-2000", IF(AND(C69>=TIME(20,0,0),C69<TIME(21,0,0)),"2000-2100", IF(AND(C69>=TIME(21,0,0),C69<TIME(22,0,0)),"2100-2200", IF(AND(C69>=TIME(22,0,0),C69<TIME(23,0,0)),"2200-2300", IF(AND(C69>=TIME(23,0,0),C69<TIME(24,0,0)),"2300-0000","Invalid Time")))))))))))))))))))))))) -> 1000-1100 | E69: 1000-1100 | F69: =_xlfn.CONCAT(B69," ",E69) -> 22.05.2023 1000-1100 | G69: Awaria | H69: stacja 20 - praska | I69: zablokowany wałek 11183556 w st.20 | J69: 4
A70: 45068.416 | B70: 22.05.2023 | C70: 0.41597222 | D70: =IF(AND(C70>=TIME(0,0,0),C70<TIME(1,0,0)),"0000-0100", IF(AND(C70>=TIME(1,0,0),C70<TIME(2,0,0)),"0100-0200", IF(AND(C70>=TIME(2,0,0),C70<TIME(3,0,0)),"0200-0300", IF(AND(C70>=TIME(3,0,0),C70<TIME(4,0,0)),"0300-0400", IF(AND(C70>=TIME(4,0,0),C70<TIME(5,0,0)),"0400-0500", IF(AND(C70>=TIME(5,0,0),C70<TIME(6,0,0)),"0500-0600", IF(AND(C70>=TIME(6,0,0),C70<TIME(7,0,0)),"0600-0700", IF(AND(C70>=TIME(7,0,0),C70<TIME(8,0,0)),"0700-0800", IF(AND(C70>=TIME(8,0,0),C70<TIME(9,0,0)),"0800-0900", IF(AND(C70>=TIME(9,0,0),C70<TIME(10,0,0)),"0900-1000", IF(AND(C70>=TIME(10,0,0),C70<TIME(11,0,0)),"1000-1100", IF(AND(C70>=TIME(11,0,0),C70<TIME(12,0,0)),"1100-1200", IF(AND(C70>=TIME(12,0,0),C70<TIME(13,0,0)),"1200-1300", IF(AND(C70>=TIME(13,0,0),C70<TIME(14,0,0)),"1300-1400", IF(AND(C70>=TIME(14,0,0),C70<TIME(15,0,0)),"1400-1500", IF(AND(C70>=TIME(15,0,0),C70<TIME(16,0,0)),"1500-1600", IF(AND(C70>=TIME(16,0,0),C70<TIME(17,0,0)),"1600-1700", IF(AND(C70>=TIME(17,0,0),C70<TIME(18,0,0)),"1700-1800", IF(AND(C70>=TIME(18,0,0),C70<TIME(19,0,0)),"1800-1900", IF(AND(C70>=TIME(19,0,0),C70<TIME(20,0,0)),"1900-2000", IF(AND(C70>=TIME(20,0,0),C70<TIME(21,0,0)),"2000-2100", IF(AND(C70>=TIME(21,0,0),C70<TIME(22,0,0)),"2100-2200", IF(AND(C70>=TIME(22,0,0),C70<TIME(23,0,0)),"2200-2300", IF(AND(C70>=TIME(23,0,0),C70<TIME(24,0,0)),"2300-0000","Invalid Time")))))))))))))))))))))))) -> 0900-1000 | E70: 0900-1000 | F70: =_xlfn.CONCAT(B70," ",E70) -> 22.05.2023 0900-1000 | G70: Przegląd_Serwis | H70: praca technologa | I70: st. 20 | J70: 20
A71: 45068.4 | B71: 22.05.2023 | C71: 0.4 | D71: =IF(AND(C71>=TIME(0,0,0),C71<TIME(1,0,0)),"0000-0100", IF(AND(C71>=TIME(1,0,0),C71<TIME(2,0,0)),"0100-0200", IF(AND(C71>=TIME(2,0,0),C71<TIME(3,0,0)),"0200-0300", IF(AND(C71>=TIME(3,0,0),C71<TIME(4,0,0)),"0300-0400", IF(AND(C71>=TIME(4,0,0),C71<TIME(5,0,0)),"0400-0500", IF(AND(C71>=TIME(5,0,0),C71<TIME(6,0,0)),"0500-0600", IF(AND(C71>=TIME(6,0,0),C71<TIME(7,0,0)),"0600-0700", IF(AND(C71>=TIME(7,0,0),C71<TIME(8,0,0)),"0700-0800", IF(AND(C71>=TIME(8,0,0),C71<TIME(9,0,0)),"0800-0900", IF(AND(C71>=TIME(9,0,0),C71<TIME(10,0,0)),"0900-1000", IF(AND(C71>=TIME(10,0,0),C71<TIME(11,0,0)),"1000-1100", IF(AND(C71>=TIME(11,0,0),C71<TIME(12,0,0)),"1100-1200", IF(AND(C71>=TIME(12,0,0),C71<TIME(13,0,0)),"1200-1300", IF(AND(C71>=TIME(13,0,0),C71<TIME(14,0,0)),"1300-1400", IF(AND(C71>=TIME(14,0,0),C71<TIME(15,0,0)),"1400-1500", IF(AND(C71>=TIME(15,0,0),C71<TIME(16,0,0)),"1500-1600", IF(AND(C71>=TIME(16,0,0),C71<TIME(17,0,0)),"1600-1700", IF(AND(C71>=TIME(17,0,0),C71<TIME(18,0,0)),"1700-1800", IF(AND(C71>=TIME(18,0,0),C71<TIME(19,0,0)),"1800-1900", IF(AND(C71>=TIME(19,0,0),C71<TIME(20,0,0)),"1900-2000", IF(AND(C71>=TIME(20,0,0),C71<TIME(21,0,0)),"2000-2100", IF(AND(C71>=TIME(21,0,0),C71<TIME(22,0,0)),"2100-2200", IF(AND(C71>=TIME(22,0,0),C71<TIME(23,0,0)),"2200-2300", IF(AND(C71>=TIME(23,0,0),C71<TIME(24,0,0)),"2300-0000","Invalid Time")))))))))))))))))))))))) -> 0900-1000 | E71: 0900-1000 | F71: =_xlfn.CONCAT(B71," ",E71) -> 22.05.2023 0900-1000 | G71: Awaria | H71: stacja 20 - praska | I71: zablokowany wałek 11183556 w st.20 | J71: 24
A72: 45068.344 | B72: 22.05.2023 | C72: 0.34375 | D72: =IF(AND(C72>=TIME(0,0,0),C72<TIME(1,0,0)),"0000-0100", IF(AND(C72>=TIME(1,0,0),C72<TIME(2,0,0)),"0100-0200", IF(AND(C72>=TIME(2,0,0),C72<TIME(3,0,0)),"0200-0300", IF(AND(C72>=TIME(3,0,0),C72<TIME(4,0,0)),"0300-0400", IF(AND(C72>=TIME(4,0,0),C72<TIME(5,0,0)),"0400-0500", IF(AND(C72>=TIME(5,0,0),C72<TIME(6,0,0)),"0500-0600", IF(AND(C72>=TIME(6,0,0),C72<TIME(7,0,0)),"0600-0700", IF(AND(C72>=TIME(7,0,0),C72<TIME(8,0,0)),"0700-0800", IF(AND(C72>=TIME(8,0,0),C72<TIME(9,0,0)),"0800-0900", IF(AND(C72>=TIME(9,0,0),C72<TIME(10,0,0)),"0900-1000", IF(AND(C72>=TIME(10,0,0),C72<TIME(11,0,0)),"1000-1100", IF(AND(C72>=TIME(11,0,0),C72<TIME(12,0,0)),"1100-1200", IF(AND(C72>=TIME(12,0,0),C72<TIME(13,0,0)),"1200-1300", IF(AND(C72>=TIME(13,0,0),C72<TIME(14,0,0)),"1300-1400", IF(AND(C72>=TIME(14,0,0),C72<TIME(15,0,0)),"1400-1500", IF(AND(C72>=TIME(15,0,0),C72<TIME(16,0,0)),"1500-1600", IF(AND(C72>=TIME(16,0,0),C72<TIME(17,0,0)),"1600-1700", IF(AND(C72>=TIME(17,0,0),C72<TIME(18,0,0)),"1700-1800", IF(AND(C72>=TIME(18,0,0),C72<TIME(19,0,0)),"1800-1900", IF(AND(C72>=TIME(19,0,0),C72<TIME(20,0,0)),"1900-2000", IF(AND(C72>=TIME(20,0,0),C72<TIME(21,0,0)),"2000-2100", IF(AND(C72>=TIME(21,0,0),C72<TIME(22,0,0)),"2100-2200", IF(AND(C72>=TIME(22,0,0),C72<TIME(23,0,0)),"2200-2300", IF(AND(C72>=TIME(23,0,0),C72<TIME(24,0,0)),"2300-0000","Invalid Time")))))))))))))))))))))))) -> 0800-0900 | E72: 0800-0900 | F72: =_xlfn.CONCAT(B72," ",E72) -> 22.05.2023 0800-0900 | G72: Awaria | H72: stacja 41 - dokręcanie śrub | I72: zawieszenie cały czas, nie skrencaje motory | J72: 120
A73: 45068.261 | B73: 22.05.2023 | C73: 0.26111111 | D73: =IF(AND(C73>=TIME(0,0,0),C73<TIME(1,0,0)),"0000-0100", IF(AND(C73>=TIME(1,0,0),C73<TIME(2,0,0)),"0100-0200", IF(AND(C73>=TIME(2,0,0),C73<TIME(3,0,0)),"0200-0300", IF(AND(C73>=TIME(3,0,0),C73<TIME(4,0,0)),"0300-0400", IF(AND(C73>=TIME(4,0,0),C73<TIME(5,0,0)),"0400-0500", IF(AND(C73>=TIME(5,0,0),C73<TIME(6,0,0)),"0500-0600", IF(AND(C73>=TIME(6,0,0),C73<TIME(7,0,0)),"0600-0700", IF(AND(C73>=TIME(7,0,0),C73<TIME(8,0,0)),"0700-0800", IF(AND(C73>=TIME(8,0,0),C73<TIME(9,0,0)),"0800-0900", IF(AND(C73>=TIME(9,0,0),C73<TIME(10,0,0)),"0900-1000", IF(AND(C73>=TIME(10,0,0),C73<TIME(11,0,0)),"1000-1100", IF(AND(C73>=TIME(11,0,0),C73<TIME(12,0,0)),"1100-1200", IF(AND(C73>=TIME(12,0,0),C73<TIME(13,0,0)),"1200-1300", IF(AND(C73>=TIME(13,0,0),C73<TIME(14,0,0)),"1300-1400", IF(AND(C73>=TIME(14,0,0),C73<TIME(15,0,0)),"1400-1500", IF(AND(C73>=TIME(15,0,0),C73<TIME(16,0,0)),"1500-1600", IF(AND(C73>=TIME(16,0,0),C73<TIME(17,0,0)),"1600-1700", IF(AND(C73>=TIME(17,0,0),C73<TIME(18,0,0)),"1700-1800", IF(AND(C73>=TIME(18,0,0),C73<TIME(19,0,0)),"1800-1900", IF(AND(C73>=TIME(19,0,0),C73<TIME(20,0,0)),"1900-2000", IF(AND(C73>=TIME(20,0,0),C73<TIME(21,0,0)),"2000-2100", IF(AND(C73>=TIME(21,0,0),C73<TIME(22,0,0)),"2100-2200", IF(AND(C73>=TIME(22,0,0),C73<TIME(23,0,0)),"2200-2300", IF(AND(C73>=TIME(23,0,0),C73<TIME(24,0,0)),"2300-0000","Invalid Time")))))))))))))))))))))))) -> 0600-0700 | E73: 0600-0700 | F73: =_xlfn.CONCAT(B73," ",E73) -> 22.05.2023 0600-0700 | G73: Awaria | H73: stacja 60 - cell 2 | I73: odpad motorow OMPx40 11192738 z korpusem 11183824 (Metric) na przedcość obrotowu, praca na cell1 do 07:30 | J73: 90
A74: 45068.251 | B74: 22.05.2023 | C74: 0.25138889 | D74: =IF(AND(C74>=TIME(0,0,0),C74<TIME(1,0,0)),"0000-0100", IF(AND(C74>=TIME(1,0,0),C74<TIME(2,0,0)),"0100-0200", IF(AND(C74>=TIME(2,0,0),C74<TIME(3,0,0)),"0200-0300", IF(AND(C74>=TIME(3,0,0),C74<TIME(4,0,0)),"0300-0400", IF(AND(C74>=TIME(4,0,0),C74<TIME(5,0,0)),"0400-0500", IF(AND(C74>=TIME(5,0,0),C74<TIME(6,0,0)),"0500-0600", IF(AND(C74>=TIME(6,0,0),C74<TIME(7,0,0)),"0600-0700", IF(AND(C74>=TIME(7,0,0),C74<TIME(8,0,0)),"0700-0800", IF(AND(C74>=TIME(8,0,0),C74<TIME(9,0,0)),"0800-0900", IF(AND(C74>=TIME(9,0,0),C74<TIME(10,0,0)),"0900-1000", IF(AND(C74>=TIME(10,0,0),C74<TIME(11,0,0)),"1000-1100", IF(AND(C74>=TIME(11,0,0),C74<TIME(12,0,0)),"1100-1200", IF(AND(C74>=TIME(12,0,0),C74<TIME(13,0,0)),"1200-1300", IF(AND(C74>=TIME(13,0,0),C74<TIME(14,0,0)),"1300-1400", IF(AND(C74>=TIME(14,0,0),C74<TIME(15,0,0)),"1400-1500", IF(AND(C74>=TIME(15,0,0),C74<TIME(16,0,0)),"1500-1600", IF(AND(C74>=TIME(16,0,0),C74<TIME(17,0,0)),"1600-1700", IF(AND(C74>=TIME(17,0,0),C74<TIME(18,0,0)),"1700-1800", IF(AND(C74>=TIME(18,0,0),C74<TIME(19,0,0)),"1800-1900", IF(AND(C74>=TIME(19,0,0),C74<TIME(20,0,0)),"1900-2000", IF(AND(C74>=TIME(20,0,0),C74<TIME(21,0,0)),"2000-2100", IF(AND(C74>=TIME(21,0,0),C74<TIME(22,0,0)),"2100-2200", IF(AND(C74>=TIME(22,0,0),C74<TIME(23,0,0)),"2200-2300", IF(AND(C74>=TIME(23,0,0),C74<TIME(24,0,0)),"2300-0000","Invalid Time")))))))))))))))))))))))) -> 0600-0700 | E74: 0600-0700 | F74: =_xlfn.CONCAT(B74," ",E74) -> 22.05.2023 0600-0700 | G74: Szkolenie_Spotkanie | H74: szkolenie | I74: na st.10,20 i st.40 | J74: 105
A75: 45068.25 | B75: 22.05.2023 | C75: 0.25 | D75: =IF(AND(C75>=TIME(0,0,0),C75<TIME(1,0,0)),"0000-0100", IF(AND(C75>=TIME(1,0,0),C75<TIME(2,0,0)),"0100-0200", IF(AND(C75>=TIME(2,0,0),C75<TIME(3,0,0)),"0200-0300", IF(AND(C75>=TIME(3,0,0),C75<TIME(4,0,0)),"0300-0400", IF(AND(C75>=TIME(4,0,0),C75<TIME(5,0,0)),"0400-0500", IF(AND(C75>=TIME(5,0,0),C75<TIME(6,0,0)),"0500-0600", IF(AND(C75>=TIME(6,0,0),C75<TIME(7,0,0)),"0600-0700", IF(AND(C75>=TIME(7,0,0),C75<TIME(8,0,0)),"0700-0800", IF(AND(C75>=TIME(8,0,0),C75<TIME(9,0,0)),"0800-0900", IF(AND(C75>=TIME(9,0,0),C75<TIME(10,0,0)),"0900-1000", IF(AND(C75>=TIME(10,0,0),C75<TIME(11,0,0)),"1000-1100", IF(AND(C75>=TIME(11,0,0),C75<TIME(12,0,0)),"1100-1200", IF(AND(C75>=TIME(12,0,0),C75<TIME(13,0,0)),"1200-1300", IF(AND(C75>=TIME(13,0,0),C75<TIME(14,0,0)),"1300-1400", IF(AND(C75>=TIME(14,0,0),C75<TIME(15,0,0)),"1400-1500", IF(AND(C75>=TIME(15,0,0),C75<TIME(16,0,0)),"1500-1600", IF(AND(C75>=TIME(16,0,0),C75<TIME(17,0,0)),"1600-1700", IF(AND(C75>=TIME(17,0,0),C75<TIME(18,0,0)),"1700-1800", IF(AND(C75>=TIME(18,0,0),C75<TIME(19,0,0)),"1800-1900", IF(AND(C75>=TIME(19,0,0),C75<TIME(20,0,0)),"1900-2000", IF(AND(C75>=TIME(20,0,0),C75<TIME(21,0,0)),"2000-2100", IF(AND(C75>=TIME(21,0,0),C75<TIME(22,0,0)),"2100-2200", IF(AND(C75>=TIME(22,0,0),C75<TIME(23,0,0)),"2200-2300", IF(AND(C75>=TIME(23,0,0),C75<TIME(24,0,0)),"2300-0000","Invalid Time")))))))))))))))))))))))) -> 0600-0700 | E75: 0600-0700 | F75: =_xlfn.CONCAT(B75," ",E75) -> 22.05.2023 0600-0700 | G75: Ogolne_Linia | I75: testy kontrolne raz w tygodniu | J75: 15
A76: 45068.208 | B76: 22.05.2023 | C76: 0.20763889 | D76: =IF(AND(C76>=TIME(0,0,0),C76<TIME(1,0,0)),"0000-0100", IF(AND(C76>=TIME(1,0,0),C76<TIME(2,0,0)),"0100-0200", IF(AND(C76>=TIME(2,0,0),C76<TIME(3,0,0)),"0200-0300", IF(AND(C76>=TIME(3,0,0),C76<TIME(4,0,0)),"0300-0400", IF(AND(C76>=TIME(4,0,0),C76<TIME(5,0,0)),"0400-0500", IF(AND(C76>=TIME(5,0,0),C76<TIME(6,0,0)),"0500-0600", IF(AND(C76>=TIME(6,0,0),C76<TIME(7,0,0)),"0600-0700", IF(AND(C76>=TIME(7,0,0),C76<TIME(8,0,0)),"0700-0800", IF(AND(C76>=TIME(8,0,0),C76<TIME(9,0,0)),"0800-0900", IF(AND(C76>=TIME(9,0,0),C76<TIME(10,0,0)),"0900-1000", IF(AND(C76>=TIME(10,0,0),C76<TIME(11,0,0)),"1000-1100", IF(AND(C76>=TIME(11,0,0),C76<TIME(12,0,0)),"1100-1200", IF(AND(C76>=TIME(12,0,0),C76<TIME(13,0,0)),"1200-1300", IF(AND(C76>=TIME(13,0,0),C76<TIME(14,0,0)),"1300-1400", IF(AND(C76>=TIME(14,0,0),C76<TIME(15,0,0)),"1400-1500", IF(AND(C76>=TIME(15,0,0),C76<TIME(16,0,0)),"1500-1600", IF(AND(C76>=TIME(16,0,0),C76<TIME(17,0,0)),"1600-1700", IF(AND(C76>=TIME(17,0,0),C76<TIME(18,0,0)),"1700-1800", IF(AND(C76>=TIME(18,0,0),C76<TIME(19,0,0)),"1800-1900", IF(AND(C76>=TIME(19,0,0),C76<TIME(20,0,0)),"1900-2000", IF(AND(C76>=TIME(20,0,0),C76<TIME(21,0,0)),"2000-2100", IF(AND(C76>=TIME(21,0,0),C76<TIME(22,0,0)),"2100-2200", IF(AND(C76>=TIME(22,0,0),C76<TIME(23,0,0)),"2200-2300", IF(AND(C76>=TIME(23,0,0),C76<TIME(24,0,0)),"2300-0000","Invalid Time")))))))))))))))))))))))) -> 0400-0500 | E76: 0400-0500 | F76: =_xlfn.CONCAT(B76," ",E76) -> 22.05.2023 0400-0500 | G76: Awaria | H76: stacja 60 - cell 2 | I76: Praca tylko na cell2 | J76: 61
A77: 45068.017 | B77: 22.05.2023 | C77: 0.016666667 | D77: =IF(AND(C77>=TIME(0,0,0),C77<TIME(1,0,0)),"0000-0100", IF(AND(C77>=TIME(1,0,0),C77<TIME(2,0,0)),"0100-0200", IF(AND(C77>=TIME(2,0,0),C77<TIME(3,0,0)),"0200-0300", IF(AND(C77>=TIME(3,0,0),C77<TIME(4,0,0)),"0300-0400", IF(AND(C77>=TIME(4,0,0),C77<TIME(5,0,0)),"0400-0500", IF(AND(C77>=TIME(5,0,0),C77<TIME(6,0,0)),"0500-0600", IF(AND(C77>=TIME(6,0,0),C77<TIME(7,0,0)),"0600-0700", IF(AND(C77>=TIME(7,0,0),C77<TIME(8,0,0)),"0700-0800", IF(AND(C77>=TIME(8,0,0),C77<TIME(9,0,0)),"0800-0900", IF(AND(C77>=TIME(9,0,0),C77<TIME(10,0,0)),"0900-1000", IF(AND(C77>=TIME(10,0,0),C77<TIME(11,0,0)),"1000-1100", IF(AND(C77>=TIME(11,0,0),C77<TIME(12,0,0)),"1100-1200", IF(AND(C77>=TIME(12,0,0),C77<TIME(13,0,0)),"1200-1300", IF(AND(C77>=TIME(13,0,0),C77<TIME(14,0,0)),"1300-1400", IF(AND(C77>=TIME(14,0,0),C77<TIME(15,0,0)),"1400-1500", IF(AND(C77>=TIME(15,0,0),C77<TIME(16,0,0)),"1500-1600", IF(AND(C77>=TIME(16,0,0),C77<TIME(17,0,0)),"1600-1700", IF(AND(C77>=TIME(17,0,0),C77<TIME(18,0,0)),"1700-1800", IF(AND(C77>=TIME(18,0,0),C77<TIME(19,0,0)),"1800-1900", IF(AND(C77>=TIME(19,0,0),C77<TIME(20,0,0)),"1900-2000", IF(AND(C77>=TIME(20,0,0),C77<TIME(21,0,0)),"2000-2100", IF(AND(C77>=TIME(21,0,0),C77<TIME(22,0,0)),"2100-2200", IF(AND(C77>=TIME(22,0,0),C77<TIME(23,0,0)),"2200-2300", IF(AND(C77>=TIME(23,0,0),C77<TIME(24,0,0)),"2300-0000","Invalid Time")))))))))))))))))))))))) -> 0000-0100 | E77: 0000-0100 | F77: =_xlfn.CONCAT(B77," ",E77) -> 22.05.2023 0000-0100 | G77: Ogolne_Linia | H77: rework motoru | J77: 2
A78: 45067.976 | B78: 21.05.2023 | C78: 0.97638889 | D78: =IF(AND(C78>=TIME(0,0,0),C78<TIME(1,0,0)),"0000-0100", IF(AND(C78>=TIME(1,0,0),C78<TIME(2,0,0)),"0100-0200", IF(AND(C78>=TIME(2,0,0),C78<TIME(3,0,0)),"0200-0300", IF(AND(C78>=TIME(3,0,0),C78<TIME(4,0,0)),"0300-0400", IF(AND(C78>=TIME(4,0,0),C78<TIME(5,0,0)),"0400-0500", IF(AND(C78>=TIME(5,0,0),C78<TIME(6,0,0)),"0500-0600", IF(AND(C78>=TIME(6,0,0),C78<TIME(7,0,0)),"0600-0700", IF(AND(C78>=TIME(7,0,0),C78<TIME(8,0,0)),"0700-0800", IF(AND(C78>=TIME(8,0,0),C78<TIME(9,0,0)),"0800-0900", IF(AND(C78>=TIME(9,0,0),C78<TIME(10,0,0)),"0900-1000", IF(AND(C78>=TIME(10,0,0),C78<TIME(11,0,0)),"1000-1100", IF(AND(C78>=TIME(11,0,0),C78<TIME(12,0,0)),"1100-1200", IF(AND(C78>=TIME(12,0,0),C78<TIME(13,0,0)),"1200-1300", IF(AND(C78>=TIME(13,0,0),C78<TIME(14,0,0)),"1300-1400", IF(AND(C78>=TIME(14,0,0),C78<TIME(15,0,0)),"1400-1500", IF(AND(C78>=TIME(15,0,0),C78<TIME(16,0,0)),"1500-1600", IF(AND(C78>=TIME(16,0,0),C78<TIME(17,0,0)),"1600-1700", IF(AND(C78>=TIME(17,0,0),C78<TIME(18,0,0)),"1700-1800", IF(AND(C78>=TIME(18,0,0),C78<TIME(19,0,0)),"1800-1900", IF(AND(C78>=TIME(19,0,0),C78<TIME(20,0,0)),"1900-2000", IF(AND(C78>=TIME(20,0,0),C78<TIME(21,0,0)),"2000-2100", IF(AND(C78>=TIME(21,0,0),C78<TIME(22,0,0)),"2100-2200", IF(AND(C78>=TIME(22,0,0),C78<TIME(23,0,0)),"2200-2300", IF(AND(C78>=TIME(23,0,0),C78<TIME(24,0,0)),"2300-0000","Invalid Time")))))))))))))))))))))))) -> Invalid Time | E78: Invalid Time | F78: =_xlfn.CONCAT(B78," ",E78) -> 21.05.2023 Invalid Time | G78: Awaria | H78: stacja 55 - winda | J78: 25
A79: 45067.965 | B79: 21.05.2023 | C79: 0.96527778 | D79: =IF(AND(C79>=TIME(0,0,0),C79<TIME(1,0,0)),"0000-0100", IF(AND(C79>=TIME(1,0,0),C79<TIME(2,0,0)),"0100-0200", IF(AND(C79>=TIME(2,0,0),C79<TIME(3,0,0)),"0200-0300", IF(AND(C79>=TIME(3,0,0),C79<TIME(4,0,0)),"0300-0400", IF(AND(C79>=TIME(4,0,0),C79<TIME(5,0,0)),"0400-0500", IF(AND(C79>=TIME(5,0,0),C79<TIME(6,0,0)),"0500-0600", IF(AND(C79>=TIME(6,0,0),C79<TIME(7,0,0)),"0600-0700", IF(AND(C79>=TIME(7,0,0),C79<TIME(8,0,0)),"0700-0800", IF(AND(C79>=TIME(8,0,0),C79<TIME(9,0,0)),"0800-0900", IF(AND(C79>=TIME(9,0,0),C79<TIME(10,0,0)),"0900-1000", IF(AND(C79>=TIME(10,0,0),C79<TIME(11,0,0)),"1000-1100", IF(AND(C79>=TIME(11,0,0),C79<TIME(12,0,0)),"1100-1200", IF(AND(C79>=TIME(12,0,0),C79<TIME(13,0,0)),"1200-1300", IF(AND(C79>=TIME(13,0,0),C79<TIME(14,0,0)),"1300-1400", IF(AND(C79>=TIME(14,0,0),C79<TIME(15,0,0)),"1400-1500", IF(AND(C79>=TIME(15,0,0),C79<TIME(16,0,0)),"1500-1600", IF(AND(C79>=TIME(16,0,0),C79<TIME(17,0,0)),"1600-1700", IF(AND(C79>=TIME(17,0,0),C79<TIME(18,0,0)),"1700-1800", IF(AND(C79>=TIME(18,0,0),C79<TIME(19,0,0)),"1800-1900", IF(AND(C79>=TIME(19,0,0),C79<TIME(20,0,0)),"1900-2000", IF(AND(C79>=TIME(20,0,0),C79<TIME(21,0,0)),"2000-2100", IF(AND(C79>=TIME(21,0,0),C79<TIME(22,0,0)),"2100-2200", IF(AND(C79>=TIME(22,0,0),C79<TIME(23,0,0)),"2200-2300", IF(AND(C79>=TIME(23,0,0),C79<TIME(24,0,0)),"2300-0000","Invalid Time")))))))))))))))))))))))) -> Invalid Time | E79: Invalid Time | F79: =_xlfn.CONCAT(B79," ",E79) -> 21.05.2023 Invalid Time | G79: Przegląd_Serwis | H79: interwencja DUR | J79: 30
A80: 45067.963 | B80: 21.05.2023 | C80: 0.96319444 | D80: =IF(AND(C80>=TIME(0,0,0),C80<TIME(1,0,0)),"0000-0100", IF(AND(C80>=TIME(1,0,0),C80<TIME(2,0,0)),"0100-0200", IF(AND(C80>=TIME(2,0,0),C80<TIME(3,0,0)),"0200-0300", IF(AND(C80>=TIME(3,0,0),C80<TIME(4,0,0)),"0300-0400", IF(AND(C80>=TIME(4,0,0),C80<TIME(5,0,0)),"0400-0500", IF(AND(C80>=TIME(5,0,0),C80<TIME(6,0,0)),"0500-0600", IF(AND(C80>=TIME(6,0,0),C80<TIME(7,0,0)),"0600-0700", IF(AND(C80>=TIME(7,0,0),C80<TIME(8,0,0)),"0700-0800", IF(AND(C80>=TIME(8,0,0),C80<TIME(9,0,0)),"0800-0900", IF(AND(C80>=TIME(9,0,0),C80<TIME(10,0,0)),"0900-1000", IF(AND(C80>=TIME(10,0,0),C80<TIME(11,0,0)),"1000-1100", IF(AND(C80>=TIME(11,0,0),C80<TIME(12,0,0)),"1100-1200", IF(AND(C80>=TIME(12,0,0),C80<TIME(13,0,0)),"1200-1300", IF(AND(C80>=TIME(13,0,0),C80<TIME(14,0,0)),"1300-1400", IF(AND(C80>=TIME(14,0,0),C80<TIME(15,0,0)),"1400-1500", IF(AND(C80>=TIME(15,0,0),C80<TIME(16,0,0)),"1500-1600", IF(AND(C80>=TIME(16,0,0),C80<TIME(17,0,0)),"1600-1700", IF(AND(C80>=TIME(17,0,0),C80<TIME(18,0,0)),"1700-1800", IF(AND(C80>=TIME(18,0,0),C80<TIME(19,0,0)),"1800-1900", IF(AND(C80>=TIME(19,0,0),C80<TIME(20,0,0)),"1900-2000", IF(AND(C80>=TIME(20,0,0),C80<TIME(21,0,0)),"2000-2100", IF(AND(C80>=TIME(21,0,0),C80<TIME(22,0,0)),"2100-2200", IF(AND(C80>=TIME(22,0,0),C80<TIME(23,0,0)),"2200-2300", IF(AND(C80>=TIME(23,0,0),C80<TIME(24,0,0)),"2300-0000","Invalid Time")))))))))))))))))))))))) -> Invalid Time | E80: Invalid Time | F80: =_xlfn.CONCAT(B80," ",E80) -> 21.05.2023 Invalid Time | G80: IT_Problem | H80: zawieszenie komputera | I80: brak internetu | J80: 20
A81: 45067.929 | B81: 21.05.2023 | C81: 0.92916667 | D81: =IF(AND(C81>=TIME(0,0,0),C81<TIME(1,0,0)),"0000-0100", IF(AND(C81>=TIME(1,0,0),C81<TIME(2,0,0)),"0100-0200", IF(AND(C81>=TIME(2,0,0),C81<TIME(3,0,0)),"0200-0300", IF(AND(C81>=TIME(3,0,0),C81<TIME(4,0,0)),"0300-0400", IF(AND(C81>=TIME(4,0,0),C81<TIME(5,0,0)),"0400-0500", IF(AND(C81>=TIME(5,0,0),C81<TIME(6,0,0)),"0500-0600", IF(AND(C81>=TIME(6,0,0),C81<TIME(7,0,0)),"0600-0700", IF(AND(C81>=TIME(7,0,0),C81<TIME(8,0,0)),"0700-0800", IF(AND(C81>=TIME(8,0,0),C81<TIME(9,0,0)),"0800-0900", IF(AND(C81>=TIME(9,0,0),C81<TIME(10,0,0)),"0900-1000", IF(AND(C81>=TIME(10,0,0),C81<TIME(11,0,0)),"1000-1100", IF(AND(C81>=TIME(11,0,0),C81<TIME(12,0,0)),"1100-1200", IF(AND(C81>=TIME(12,0,0),C81<TIME(13,0,0)),"1200-1300", IF(AND(C81>=TIME(13,0,0),C81<TIME(14,0,0)),"1300-1400", IF(AND(C81>=TIME(14,0,0),C81<TIME(15,0,0)),"1400-1500", IF(AND(C81>=TIME(15,0,0),C81<TIME(16,0,0)),"1500-1600", IF(AND(C81>=TIME(16,0,0),C81<TIME(17,0,0)),"1600-1700", IF(AND(C81>=TIME(17,0,0),C81<TIME(18,0,0)),"1700-1800", IF(AND(C81>=TIME(18,0,0),C81<TIME(19,0,0)),"1800-1900", IF(AND(C81>=TIME(19,0,0),C81<TIME(20,0,0)),"1900-2000", IF(AND(C81>=TIME(20,0,0),C81<TIME(21,0,0)),"2000-2100", IF(AND(C81>=TIME(21,0,0),C81<TIME(22,0,0)),"2100-2200", IF(AND(C81>=TIME(22,0,0),C81<TIME(23,0,0)),"2200-2300", IF(AND(C81>=TIME(23,0,0),C81<TIME(24,0,0)),"2300-0000","Invalid Time")))))))))))))))))))))))) -> 2200-2300 | E81: 2200-2300 | F81: =_xlfn.CONCAT(B81," ",E81) -> 21.05.2023 2200-2300 | G81: Awaria | H81: stacja 60 - cell 2 | I81: za wysoka temperatura w szafe | J81: 60
A82: 45067.919 | B82: 21.05.2023 | C82: 0.91875 | D82: =IF(AND(C82>=TIME(0,0,0),C82<TIME(1,0,0)),"0000-0100", IF(AND(C82>=TIME(1,0,0),C82<TIME(2,0,0)),"0100-0200", IF(AND(C82>=TIME(2,0,0),C82<TIME(3,0,0)),"0200-0300", IF(AND(C82>=TIME(3,0,0),C82<TIME(4,0,0)),"0300-0400", IF(AND(C82>=TIME(4,0,0),C82<TIME(5,0,0)),"0400-0500", IF(AND(C82>=TIME(5,0,0),C82<TIME(6,0,0)),"0500-0600", IF(AND(C82>=TIME(6,0,0),C82<TIME(7,0,0)),"0600-0700", IF(AND(C82>=TIME(7,0,0),C82<TIME(8,0,0)),"0700-0800", IF(AND(C82>=TIME(8,0,0),C82<TIME(9,0,0)),"0800-0900", IF(AND(C82>=TIME(9,0,0),C82<TIME(10,0,0)),"0900-1000", IF(AND(C82>=TIME(10,0,0),C82<TIME(11,0,0)),"1000-1100", IF(AND(C82>=TIME(11,0,0),C82<TIME(12,0,0)),"1100-1200", IF(AND(C82>=TIME(12,0,0),C82<TIME(13,0,0)),"1200-1300", IF(AND(C82>=TIME(13,0,0),C82<TIME(14,0,0)),"1300-1400", IF(AND(C82>=TIME(14,0,0),C82<TIME(15,0,0)),"1400-1500", IF(AND(C82>=TIME(15,0,0),C82<TIME(16,0,0)),"1500-1600", IF(AND(C82>=TIME(16,0,0),C82<TIME(17,0,0)),"1600-1700", IF(AND(C82>=TIME(17,0,0),C82<TIME(18,0,0)),"1700-1800", IF(AND(C82>=TIME(18,0,0),C82<TIME(19,0,0)),"1800-1900", IF(AND(C82>=TIME(19,0,0),C82<TIME(20,0,0)),"1900-2000", IF(AND(C82>=TIME(20,0,0),C82<TIME(21,0,0)),"2000-2100", IF(AND(C82>=TIME(21,0,0),C82<TIME(22,0,0)),"2100-2200", IF(AND(C82>=TIME(22,0,0),C82<TIME(23,0,0)),"2200-2300", IF(AND(C82>=TIME(23,0,0),C82<TIME(24,0,0)),"2300-0000","Invalid Time")))))))))))))))))))))))) -> 2200-2300 | E82: 2200-2300 | F82: =_xlfn.CONCAT(B82," ",E82) -> 21.05.2023 2200-2300 | G82: Ogolne_Linia | H82: dodatkowa przerwa | I82: testy | J82: 10
A83: 45066.215 | B83: 20.05.2023 | C83: 0.21458333 | D83: =IF(AND(C83>=TIME(0,0,0),C83<TIME(1,0,0)),"0000-0100", IF(AND(C83>=TIME(1,0,0),C83<TIME(2,0,0)),"0100-0200", IF(AND(C83>=TIME(2,0,0),C83<TIME(3,0,0)),"0200-0300", IF(AND(C83>=TIME(3,0,0),C83<TIME(4,0,0)),"0300-0400", IF(AND(C83>=TIME(4,0,0),C83<TIME(5,0,0)),"0400-0500", IF(AND(C83>=TIME(5,0,0),C83<TIME(6,0,0)),"0500-0600", IF(AND(C83>=TIME(6,0,0),C83<TIME(7,0,0)),"0600-0700", IF(AND(C83>=TIME(7,0,0),C83<TIME(8,0,0)),"0700-0800", IF(AND(C83>=TIME(8,0,0),C83<TIME(9,0,0)),"0800-0900", IF(AND(C83>=TIME(9,0,0),C83<TIME(10,0,0)),"0900-1000", IF(AND(C83>=TIME(10,0,0),C83<TIME(11,0,0)),"1000-1100", IF(AND(C83>=TIME(11,0,0),C83<TIME(12,0,0)),"1100-1200", IF(AND(C83>=TIME(12,0,0),C83<TIME(13,0,0)),"1200-1300", IF(AND(C83>=TIME(13,0,0),C83<TIME(14,0,0)),"1300-1400", IF(AND(C83>=TIME(14,0,0),C83<TIME(15,0,0)),"1400-1500", IF(AND(C83>=TIME(15,0,0),C83<TIME(16,0,0)),"1500-1600", IF(AND(C83>=TIME(16,0,0),C83<TIME(17,0,0)),"1600-1700", IF(AND(C83>=TIME(17,0,0),C83<TIME(18,0,0)),"1700-1800", IF(AND(C83>=TIME(18,0,0),C83<TIME(19,0,0)),"1800-1900", IF(AND(C83>=TIME(19,0,0),C83<TIME(20,0,0)),"1900-2000", IF(AND(C83>=TIME(20,0,0),C83<TIME(21,0,0)),"2000-2100", IF(AND(C83>=TIME(21,0,0),C83<TIME(22,0,0)),"2100-2200", IF(AND(C83>=TIME(22,0,0),C83<TIME(23,0,0)),"2200-2300", IF(AND(C83>=TIME(23,0,0),C83<TIME(24,0,0)),"2300-0000","Invalid Time")))))))))))))))))))))))) -> 0500-0600 | E83: 0500-0600 | F83: =_xlfn.CONCAT(B83," ",E83) -> 20.05.2023 0500-0600 | G83: Awaria | H83: stacja 55 - winda | I83: zostalo nie naprawionu , problem komunikacji windy i nolka z Systemem po errol logu problem z indeksem , cheblowanie restart całej lini | J83: 50
A84: 45066.176 | B84: 20.05.2023 | C84: 0.17569444 | D84: =IF(AND(C84>=TIME(0,0,0),C84<TIME(1,0,0)),"0000-0100", IF(AND(C84>=TIME(1,0,0),C84<TIME(2,0,0)),"0100-0200", IF(AND(C84>=TIME(2,0,0),C84<TIME(3,0,0)),"0200-0300", IF(AND(C84>=TIME(3,0,0),C84<TIME(4,0,0)),"0300-0400", IF(AND(C84>=TIME(4,0,0),C84<TIME(5,0,0)),"0400-0500", IF(AND(C84>=TIME(5,0,0),C84<TIME(6,0,0)),"0500-0600", IF(AND(C84>=TIME(6,0,0),C84<TIME(7,0,0)),"0600-0700", IF(AND(C84>=TIME(7,0,0),C84<TIME(8,0,0)),"0700-0800", IF(AND(C84>=TIME(8,0,0),C84<TIME(9,0,0)),"0800-0900", IF(AND(C84>=TIME(9,0,0),C84<TIME(10,0,0)),"0900-1000", IF(AND(C84>=TIME(10,0,0),C84<TIME(11,0,0)),"1000-1100", IF(AND(C84>=TIME(11,0,0),C84<TIME(12,0,0)),"1100-1200", IF(AND(C84>=TIME(12,0,0),C84<TIME(13,0,0)),"1200-1300", IF(AND(C84>=TIME(13,0,0),C84<TIME(14,0,0)),"1300-1400", IF(AND(C84>=TIME(14,0,0),C84<TIME(15,0,0)),"1400-1500", IF(AND(C84>=TIME(15,0,0),C84<TIME(16,0,0)),"1500-1600", IF(AND(C84>=TIME(16,0,0),C84<TIME(17,0,0)),"1600-1700", IF(AND(C84>=TIME(17,0,0),C84<TIME(18,0,0)),"1700-1800", IF(AND(C84>=TIME(18,0,0),C84<TIME(19,0,0)),"1800-1900", IF(AND(C84>=TIME(19,0,0),C84<TIME(20,0,0)),"1900-2000", IF(AND(C84>=TIME(20,0,0),C84<TIME(21,0,0)),"2000-2100", IF(AND(C84>=TIME(21,0,0),C84<TIME(22,0,0)),"2100-2200", IF(AND(C84>=TIME(22,0,0),C84<TIME(23,0,0)),"2200-2300", IF(AND(C84>=TIME(23,0,0),C84<TIME(24,0,0)),"2300-0000","Invalid Time")))))))))))))))))))))))) -> 0400-0500 | E84: 0400-0500 | F84: =_xlfn.CONCAT(B84," ",E84) -> 20.05.2023 0400-0500 | G84: Przegląd_Serwis | H84: interwencja DUR | J84: 50
A85: 45066.158 | B85: 20.05.2023 | C85: 0.15763889 | D85: =IF(AND(C85>=TIME(0,0,0),C85<TIME(1,0,0)),"0000-0100", IF(AND(C85>=TIME(1,0,0),C85<TIME(2,0,0)),"0100-0200", IF(AND(C85>=TIME(2,0,0),C85<TIME(3,0,0)),"0200-0300", IF(AND(C85>=TIME(3,0,0),C85<TIME(4,0,0)),"0300-0400", IF(AND(C85>=TIME(4,0,0),C85<TIME(5,0,0)),"0400-0500", IF(AND(C85>=TIME(5,0,0),C85<TIME(6,0,0)),"0500-0600", IF(AND(C85>=TIME(6,0,0),C85<TIME(7,0,0)),"0600-0700", IF(AND(C85>=TIME(7,0,0),C85<TIME(8,0,0)),"0700-0800", IF(AND(C85>=TIME(8,0,0),C85<TIME(9,0,0)),"0800-0900", IF(AND(C85>=TIME(9,0,0),C85<TIME(10,0,0)),"0900-1000", IF(AND(C85>=TIME(10,0,0),C85<TIME(11,0,0)),"1000-1100", IF(AND(C85>=TIME(11,0,0),C85<TIME(12,0,0)),"1100-1200", IF(AND(C85>=TIME(12,0,0),C85<TIME(13,0,0)),"1200-1300", IF(AND(C85>=TIME(13,0,0),C85<TIME(14,0,0)),"1300-1400", IF(AND(C85>=TIME(14,0,0),C85<TIME(15,0,0)),"1400-1500", IF(AND(C85>=TIME(15,0,0),C85<TIME(16,0,0)),"1500-1600", IF(AND(C85>=TIME(16,0,0),C85<TIME(17,0,0)),"1600-1700", IF(AND(C85>=TIME(17,0,0),C85<TIME(18,0,0)),"1700-1800", IF(AND(C85>=TIME(18,0,0),C85<TIME(19,0,0)),"1800-1900", IF(AND(C85>=TIME(19,0,0),C85<TIME(20,0,0)),"1900-2000", IF(AND(C85>=TIME(20,0,0),C85<TIME(21,0,0)),"2000-2100", IF(AND(C85>=TIME(21,0,0),C85<TIME(22,0,0)),"2100-2200", IF(AND(C85>=TIME(22,0,0),C85<TIME(23,0,0)),"2200-2300", IF(AND(C85>=TIME(23,0,0),C85<TIME(24,0,0)),"2300-0000","Invalid Time")))))))))))))))))))))))) -> 0300-0400 | E85: 0300-0400 | F85: =_xlfn.CONCAT(B85," ",E85) -> 20.05.2023 0300-0400 | G85: Awaria | H85: stacja 55 - winda | I85: oczekiwanie na DUR | J85: 27
A86: 45066.153 | B86: 20.05.2023 | C86: 0.15347222 | D86: =IF(AND(C86>=TIME(0,0,0),C86<TIME(1,0,0)),"0000-0100", IF(AND(C86>=TIME(1,0,0),C86<TIME(2,0,0)),"0100-0200", IF(AND(C86>=TIME(2,0,0),C86<TIME(3,0,0)),"0200-0300", IF(AND(C86>=TIME(3,0,0),C86<TIME(4,0,0)),"0300-0400", IF(AND(C86>=TIME(4,0,0),C86<TIME(5,0,0)),"0400-0500", IF(AND(C86>=TIME(5,0,0),C86<TIME(6,0,0)),"0500-0600", IF(AND(C86>=TIME(6,0,0),C86<TIME(7,0,0)),"0600-0700", IF(AND(C86>=TIME(7,0,0),C86<TIME(8,0,0)),"0700-0800", IF(AND(C86>=TIME(8,0,0),C86<TIME(9,0,0)),"0800-0900", IF(AND(C86>=TIME(9,0,0),C86<TIME(10,0,0)),"0900-1000", IF(AND(C86>=TIME(10,0,0),C86<TIME(11,0,0)),"1000-1100", IF(AND(C86>=TIME(11,0,0),C86<TIME(12,0,0)),"1100-1200", IF(AND(C86>=TIME(12,0,0),C86<TIME(13,0,0)),"1200-1300", IF(AND(C86>=TIME(13,0,0),C86<TIME(14,0,0)),"1300-1400", IF(AND(C86>=TIME(14,0,0),C86<TIME(15,0,0)),"1400-1500", IF(AND(C86>=TIME(15,0,0),C86<TIME(16,0,0)),"1500-1600", IF(AND(C86>=TIME(16,0,0),C86<TIME(17,0,0)),"1600-1700", IF(AND(C86>=TIME(17,0,0),C86<TIME(18,0,0)),"1700-1800", IF(AND(C86>=TIME(18,0,0),C86<TIME(19,0,0)),"1800-1900", IF(AND(C86>=TIME(19,0,0),C86<TIME(20,0,0)),"1900-2000", IF(AND(C86>=TIME(20,0,0),C86<TIME(21,0,0)),"2000-2100", IF(AND(C86>=TIME(21,0,0),C86<TIME(22,0,0)),"2100-2200", IF(AND(C86>=TIME(22,0,0),C86<TIME(23,0,0)),"2200-2300", IF(AND(C86>=TIME(23,0,0),C86<TIME(24,0,0)),"2300-0000","Invalid Time")))))))))))))))))))))))) -> 0300-0400 | E86: 0300-0400 | F86: =_xlfn.CONCAT(B86," ",E86) -> 20.05.2023 0300-0400 | G86: Awaria | H86: stacja 60 - cell 1 | I86: ERROR LOG | J86: 7
A87: 45066.139 | B87: 20.05.2023 | C87: 0.13888889 | D87: =IF(AND(C87>=TIME(0,0,0),C87<TIME(1,0,0)),"0000-0100", IF(AND(C87>=TIME(1,0,0),C87<TIME(2,0,0)),"0100-0200", IF(AND(C87>=TIME(2,0,0),C87<TIME(3,0,0)),"0200-0300", IF(AND(C87>=TIME(3,0,0),C87<TIME(4,0,0)),"0300-0400", IF(AND(C87>=TIME(4,0,0),C87<TIME(5,0,0)),"0400-0500", IF(AND(C87>=TIME(5,0,0),C87<TIME(6,0,0)),"0500-0600", IF(AND(C87>=TIME(6,0,0),C87<TIME(7,0,0)),"0600-0700", IF(AND(C87>=TIME(7,0,0),C87<TIME(8,0,0)),"0700-0800", IF(AND(C87>=TIME(8,0,0),C87<TIME(9,0,0)),"0800-0900", IF(AND(C87>=TIME(9,0,0),C87<TIME(10,0,0)),"0900-1000", IF(AND(C87>=TIME(10,0,0),C87<TIME(11,0,0)),"1000-1100", IF(AND(C87>=TIME(11,0,0),C87<TIME(12,0,0)),"1100-1200", IF(AND(C87>=TIME(12,0,0),C87<TIME(13,0,0)),"1200-1300", IF(AND(C87>=TIME(13,0,0),C87<TIME(14,0,0)),"1300-1400", IF(AND(C87>=TIME(14,0,0),C87<TIME(15,0,0)),"1400-1500", IF(AND(C87>=TIME(15,0,0),C87<TIME(16,0,0)),"1500-1600", IF(AND(C87>=TIME(16,0,0),C87<TIME(17,0,0)),"1600-1700", IF(AND(C87>=TIME(17,0,0),C87<TIME(18,0,0)),"1700-1800", IF(AND(C87>=TIME(18,0,0),C87<TIME(19,0,0)),"1800-1900", IF(AND(C87>=TIME(19,0,0),C87<TIME(20,0,0)),"1900-2000", IF(AND(C87>=TIME(20,0,0),C87<TIME(21,0,0)),"2000-2100", IF(AND(C87>=TIME(21,0,0),C87<TIME(22,0,0)),"2100-2200", IF(AND(C87>=TIME(22,0,0),C87<TIME(23,0,0)),"2200-2300", IF(AND(C87>=TIME(23,0,0),C87<TIME(24,0,0)),"2300-0000","Invalid Time")))))))))))))))))))))))) -> 0300-0400 | E87: 0300-0400 | F87: =_xlfn.CONCAT(B87," ",E87) -> 20.05.2023 0300-0400 | G87: Przegląd_Serwis | H87: wymiana filtra | J87: 20
A88: 45065.922 | B88: 19.05.2023 | C88: 0.92222222 | D88: =IF(AND(C88>=TIME(0,0,0),C88<TIME(1,0,0)),"0000-0100", IF(AND(C88>=TIME(1,0,0),C88<TIME(2,0,0)),"0100-0200", IF(AND(C88>=TIME(2,0,0),C88<TIME(3,0,0)),"0200-0300", IF(AND(C88>=TIME(3,0,0),C88<TIME(4,0,0)),"0300-0400", IF(AND(C88>=TIME(4,0,0),C88<TIME(5,0,0)),"0400-0500", IF(AND(C88>=TIME(5,0,0),C88<TIME(6,0,0)),"0500-0600", IF(AND(C88>=TIME(6,0,0),C88<TIME(7,0,0)),"0600-0700", IF(AND(C88>=TIME(7,0,0),C88<TIME(8,0,0)),"0700-0800", IF(AND(C88>=TIME(8,0,0),C88<TIME(9,0,0)),"0800-0900", IF(AND(C88>=TIME(9,0,0),C88<TIME(10,0,0)),"0900-1000", IF(AND(C88>=TIME(10,0,0),C88<TIME(11,0,0)),"1000-1100", IF(AND(C88>=TIME(11,0,0),C88<TIME(12,0,0)),"1100-1200", IF(AND(C88>=TIME(12,0,0),C88<TIME(13,0,0)),"1200-1300", IF(AND(C88>=TIME(13,0,0),C88<TIME(14,0,0)),"1300-1400", IF(AND(C88>=TIME(14,0,0),C88<TIME(15,0,0)),"1400-1500", IF(AND(C88>=TIME(15,0,0),C88<TIME(16,0,0)),"1500-1600", IF(AND(C88>=TIME(16,0,0),C88<TIME(17,0,0)),"1600-1700", IF(AND(C88>=TIME(17,0,0),C88<TIME(18,0,0)),"1700-1800", IF(AND(C88>=TIME(18,0,0),C88<TIME(19,0,0)),"1800-1900", IF(AND(C88>=TIME(19,0,0),C88<TIME(20,0,0)),"1900-2000", IF(AND(C88>=TIME(20,0,0),C88<TIME(21,0,0)),"2000-2100", IF(AND(C88>=TIME(21,0,0),C88<TIME(22,0,0)),"2100-2200", IF(AND(C88>=TIME(22,0,0),C88<TIME(23,0,0)),"2200-2300", IF(AND(C88>=TIME(23,0,0),C88<TIME(24,0,0)),"2300-0000","Invalid Time")))))))))))))))))))))))) -> 2200-2300 | E88: 2200-2300 | F88: =_xlfn.CONCAT(B88," ",E88) -> 19.05.2023 2200-2300 | G88: Ogolne_Linia | H88: dodatkowa przerwa | I88: dła 2 operatorów | J88: 10
A89: 45065.917 | B89: 19.05.2023 | C89: 0.91736111 | D89: =IF(AND(C89>=TIME(0,0,0),C89<TIME(1,0,0)),"0000-0100", IF(AND(C89>=TIME(1,0,0),C89<TIME(2,0,0)),"0100-0200", IF(AND(C89>=TIME(2,0,0),C89<TIME(3,0,0)),"0200-0300", IF(AND(C89>=TIME(3,0,0),C89<TIME(4,0,0)),"0300-0400", IF(AND(C89>=TIME(4,0,0),C89<TIME(5,0,0)),"0400-0500", IF(AND(C89>=TIME(5,0,0),C89<TIME(6,0,0)),"0500-0600", IF(AND(C89>=TIME(6,0,0),C89<TIME(7,0,0)),"0600-0700", IF(AND(C89>=TIME(7,0,0),C89<TIME(8,0,0)),"0700-0800", IF(AND(C89>=TIME(8,0,0),C89<TIME(9,0,0)),"0800-0900", IF(AND(C89>=TIME(9,0,0),C89<TIME(10,0,0)),"0900-1000", IF(AND(C89>=TIME(10,0,0),C89<TIME(11,0,0)),"1000-1100", IF(AND(C89>=TIME(11,0,0),C89<TIME(12,0,0)),"1100-1200", IF(AND(C89>=TIME(12,0,0),C89<TIME(13,0,0)),"1200-1300", IF(AND(C89>=TIME(13,0,0),C89<TIME(14,0,0)),"1300-1400", IF(AND(C89>=TIME(14,0,0),C89<TIME(15,0,0)),"1400-1500", IF(AND(C89>=TIME(15,0,0),C89<TIME(16,0,0)),"1500-1600", IF(AND(C89>=TIME(16,0,0),C89<TIME(17,0,0)),"1600-1700", IF(AND(C89>=TIME(17,0,0),C89<TIME(18,0,0)),"1700-1800", IF(AND(C89>=TIME(18,0,0),C89<TIME(19,0,0)),"1800-1900", IF(AND(C89>=TIME(19,0,0),C89<TIME(20,0,0)),"1900-2000", IF(AND(C89>=TIME(20,0,0),C89<TIME(21,0,0)),"2000-2100", IF(AND(C89>=TIME(21,0,0),C89<TIME(22,0,0)),"2100-2200", IF(AND(C89>=TIME(22,0,0),C89<TIME(23,0,0)),"2200-2300", IF(AND(C89>=TIME(23,0,0),C89<TIME(24,0,0)),"2300-0000","Invalid Time")))))))))))))))))))))))) -> 2200-2300 | E89: 2200-2300 | F89: =_xlfn.CONCAT(B89," ",E89) -> 19.05.2023 2200-2300 | G89: Ogolne_Linia | I89: testy kontrolne | J89: 10
A90: 45065.917 | B90: 19.05.2023 | C90: 0.91666667 | D90: =IF(AND(C90>=TIME(0,0,0),C90<TIME(1,0,0)),"0000-0100", IF(AND(C90>=TIME(1,0,0),C90<TIME(2,0,0)),"0100-0200", IF(AND(C90>=TIME(2,0,0),C90<TIME(3,0,0)),"0200-0300", IF(AND(C90>=TIME(3,0,0),C90<TIME(4,0,0)),"0300-0400", IF(AND(C90>=TIME(4,0,0),C90<TIME(5,0,0)),"0400-0500", IF(AND(C90>=TIME(5,0,0),C90<TIME(6,0,0)),"0500-0600", IF(AND(C90>=TIME(6,0,0),C90<TIME(7,0,0)),"0600-0700", IF(AND(C90>=TIME(7,0,0),C90<TIME(8,0,0)),"0700-0800", IF(AND(C90>=TIME(8,0,0),C90<TIME(9,0,0)),"0800-0900", IF(AND(C90>=TIME(9,0,0),C90<TIME(10,0,0)),"0900-1000", IF(AND(C90>=TIME(10,0,0),C90<TIME(11,0,0)),"1000-1100", IF(AND(C90>=TIME(11,0,0),C90<TIME(12,0,0)),"1100-1200", IF(AND(C90>=TIME(12,0,0),C90<TIME(13,0,0)),"1200-1300", IF(AND(C90>=TIME(13,0,0),C90<TIME(14,0,0)),"1300-1400", IF(AND(C90>=TIME(14,0,0),C90<TIME(15,0,0)),"1400-1500", IF(AND(C90>=TIME(15,0,0),C90<TIME(16,0,0)),"1500-1600", IF(AND(C90>=TIME(16,0,0),C90<TIME(17,0,0)),"1600-1700", IF(AND(C90>=TIME(17,0,0),C90<TIME(18,0,0)),"1700-1800", IF(AND(C90>=TIME(18,0,0),C90<TIME(19,0,0)),"1800-1900", IF(AND(C90>=TIME(19,0,0),C90<TIME(20,0,0)),"1900-2000", IF(AND(C90>=TIME(20,0,0),C90<TIME(21,0,0)),"2000-2100", IF(AND(C90>=TIME(21,0,0),C90<TIME(22,0,0)),"2100-2200", IF(AND(C90>=TIME(22,0,0),C90<TIME(23,0,0)),"2200-2300", IF(AND(C90>=TIME(23,0,0),C90<TIME(24,0,0)),"2300-0000","Invalid Time")))))))))))))))))))))))) -> 2200-2300 | E90: 2200-2300 | F90: =_xlfn.CONCAT(B90," ",E90) -> 19.05.2023 2200-2300 | G90: Awaria | I90: z poprzedniej zmiany, przez zablokowany OMRx375 cell2 potrebye kalibrawanie gniazda, praca na cell 1. oczekiwanie na DUR
A91: 45065.91 | B91: 19.05.2023 | C91: 0.91041667 | D91: =IF(AND(C91>=TIME(0,0,0),C91<TIME(1,0,0)),"0000-0100", IF(AND(C91>=TIME(1,0,0),C91<TIME(2,0,0)),"0100-0200", IF(AND(C91>=TIME(2,0,0),C91<TIME(3,0,0)),"0200-0300", IF(AND(C91>=TIME(3,0,0),C91<TIME(4,0,0)),"0300-0400", IF(AND(C91>=TIME(4,0,0),C91<TIME(5,0,0)),"0400-0500", IF(AND(C91>=TIME(5,0,0),C91<TIME(6,0,0)),"0500-0600", IF(AND(C91>=TIME(6,0,0),C91<TIME(7,0,0)),"0600-0700", IF(AND(C91>=TIME(7,0,0),C91<TIME(8,0,0)),"0700-0800", IF(AND(C91>=TIME(8,0,0),C91<TIME(9,0,0)),"0800-0900", IF(AND(C91>=TIME(9,0,0),C91<TIME(10,0,0)),"0900-1000", IF(AND(C91>=TIME(10,0,0),C91<TIME(11,0,0)),"1000-1100", IF(AND(C91>=TIME(11,0,0),C91<TIME(12,0,0)),"1100-1200", IF(AND(C91>=TIME(12,0,0),C91<TIME(13,0,0)),"1200-1300", IF(AND(C91>=TIME(13,0,0),C91<TIME(14,0,0)),"1300-1400", IF(AND(C91>=TIME(14,0,0),C91<TIME(15,0,0)),"1400-1500", IF(AND(C91>=TIME(15,0,0),C91<TIME(16,0,0)),"1500-1600", IF(AND(C91>=TIME(16,0,0),C91<TIME(17,0,0)),"1600-1700", IF(AND(C91>=TIME(17,0,0),C91<TIME(18,0,0)),"1700-1800", IF(AND(C91>=TIME(18,0,0),C91<TIME(19,0,0)),"1800-1900", IF(AND(C91>=TIME(19,0,0),C91<TIME(20,0,0)),"1900-2000", IF(AND(C91>=TIME(20,0,0),C91<TIME(21,0,0)),"2000-2100", IF(AND(C91>=TIME(21,0,0),C91<TIME(22,0,0)),"2100-2200", IF(AND(C91>=TIME(22,0,0),C91<TIME(23,0,0)),"2200-2300", IF(AND(C91>=TIME(23,0,0),C91<TIME(24,0,0)),"2300-0000","Invalid Time")))))))))))))))))))))))) -> 2100-2200 | E91: 2100-2200 | F91: =_xlfn.CONCAT(B91," ",E91) -> 19.05.2023 2100-2200 | G91: Ogolne_Linia | H91: dodatkowa przerwa | I91: dła 2 operatorów | J91: 10
A92: 45065.887 | B92: 19.05.2023 | C92: 0.8875 | D92: =IF(AND(C92>=TIME(0,0,0),C92<TIME(1,0,0)),"0000-0100", IF(AND(C92>=TIME(1,0,0),C92<TIME(2,0,0)),"0100-0200", IF(AND(C92>=TIME(2,0,0),C92<TIME(3,0,0)),"0200-0300", IF(AND(C92>=TIME(3,0,0),C92<TIME(4,0,0)),"0300-0400", IF(AND(C92>=TIME(4,0,0),C92<TIME(5,0,0)),"0400-0500", IF(AND(C92>=TIME(5,0,0),C92<TIME(6,0,0)),"0500-0600", IF(AND(C92>=TIME(6,0,0),C92<TIME(7,0,0)),"0600-0700", IF(AND(C92>=TIME(7,0,0),C92<TIME(8,0,0)),"0700-0800", IF(AND(C92>=TIME(8,0,0),C92<TIME(9,0,0)),"0800-0900", IF(AND(C92>=TIME(9,0,0),C92<TIME(10,0,0)),"0900-1000", IF(AND(C92>=TIME(10,0,0),C92<TIME(11,0,0)),"1000-1100", IF(AND(C92>=TIME(11,0,0),C92<TIME(12,0,0)),"1100-1200", IF(AND(C92>=TIME(12,0,0),C92<TIME(13,0,0)),"1200-1300", IF(AND(C92>=TIME(13,0,0),C92<TIME(14,0,0)),"1300-1400", IF(AND(C92>=TIME(14,0,0),C92<TIME(15,0,0)),"1400-1500", IF(AND(C92>=TIME(15,0,0),C92<TIME(16,0,0)),"1500-1600", IF(AND(C92>=TIME(16,0,0),C92<TIME(17,0,0)),"1600-1700", IF(AND(C92>=TIME(17,0,0),C92<TIME(18,0,0)),"1700-1800", IF(AND(C92>=TIME(18,0,0),C92<TIME(19,0,0)),"1800-1900", IF(AND(C92>=TIME(19,0,0),C92<TIME(20,0,0)),"1900-2000", IF(AND(C92>=TIME(20,0,0),C92<TIME(21,0,0)),"2000-2100", IF(AND(C92>=TIME(21,0,0),C92<TIME(22,0,0)),"2100-2200", IF(AND(C92>=TIME(22,0,0),C92<TIME(23,0,0)),"2200-2300", IF(AND(C92>=TIME(23,0,0),C92<TIME(24,0,0)),"2300-0000","Invalid Time")))))))))))))))))))))))) -> 2100-2200 | E92: 2100-2200 | F92: =_xlfn.CONCAT(B92," ",E92) -> 19.05.2023 2100-2200 | G92: Przegląd_Serwis | H92: interwencja DUR | I92: cell2 | J92: 42
A93: 45065.863 | B93: 19.05.2023 | C93: 0.8625 | D93: =IF(AND(C93>=TIME(0,0,0),C93<TIME(1,0,0)),"0000-0100", IF(AND(C93>=TIME(1,0,0),C93<TIME(2,0,0)),"0100-0200", IF(AND(C93>=TIME(2,0,0),C93<TIME(3,0,0)),"0200-0300", IF(AND(C93>=TIME(3,0,0),C93<TIME(4,0,0)),"0300-0400", IF(AND(C93>=TIME(4,0,0),C93<TIME(5,0,0)),"0400-0500", IF(AND(C93>=TIME(5,0,0),C93<TIME(6,0,0)),"0500-0600", IF(AND(C93>=TIME(6,0,0),C93<TIME(7,0,0)),"0600-0700", IF(AND(C93>=TIME(7,0,0),C93<TIME(8,0,0)),"0700-0800", IF(AND(C93>=TIME(8,0,0),C93<TIME(9,0,0)),"0800-0900", IF(AND(C93>=TIME(9,0,0),C93<TIME(10,0,0)),"0900-1000", IF(AND(C93>=TIME(10,0,0),C93<TIME(11,0,0)),"1000-1100", IF(AND(C93>=TIME(11,0,0),C93<TIME(12,0,0)),"1100-1200", IF(AND(C93>=TIME(12,0,0),C93<TIME(13,0,0)),"1200-1300", IF(AND(C93>=TIME(13,0,0),C93<TIME(14,0,0)),"1300-1400", IF(AND(C93>=TIME(14,0,0),C93<TIME(15,0,0)),"1400-1500", IF(AND(C93>=TIME(15,0,0),C93<TIME(16,0,0)),"1500-1600", IF(AND(C93>=TIME(16,0,0),C93<TIME(17,0,0)),"1600-1700", IF(AND(C93>=TIME(17,0,0),C93<TIME(18,0,0)),"1700-1800", IF(AND(C93>=TIME(18,0,0),C93<TIME(19,0,0)),"1800-1900", IF(AND(C93>=TIME(19,0,0),C93<TIME(20,0,0)),"1900-2000", IF(AND(C93>=TIME(20,0,0),C93<TIME(21,0,0)),"2000-2100", IF(AND(C93>=TIME(21,0,0),C93<TIME(22,0,0)),"2100-2200", IF(AND(C93>=TIME(22,0,0),C93<TIME(23,0,0)),"2200-2300", IF(AND(C93>=TIME(23,0,0),C93<TIME(24,0,0)),"2300-0000","Invalid Time")))))))))))))))))))))))) -> 2000-2100 | E93: 2000-2100 | F93: =_xlfn.CONCAT(B93," ",E93) -> 19.05.2023 2000-2100 | G93: Awaria | H93: stacja 60 - cell 2 | I93: przez zablokowany OMRx375 cell2 potrebye kalibrawanie gniazda, oczekiwanie na DUR, praca na cell 1 | J93: 36
A94: 45065.685 | B94: 19.05.2023 | C94: 0.68472222 | D94: =IF(AND(C94>=TIME(0,0,0),C94<TIME(1,0,0)),"0000-0100", IF(AND(C94>=TIME(1,0,0),C94<TIME(2,0,0)),"0100-0200", IF(AND(C94>=TIME(2,0,0),C94<TIME(3,0,0)),"0200-0300", IF(AND(C94>=TIME(3,0,0),C94<TIME(4,0,0)),"0300-0400", IF(AND(C94>=TIME(4,0,0),C94<TIME(5,0,0)),"0400-0500", IF(AND(C94>=TIME(5,0,0),C94<TIME(6,0,0)),"0500-0600", IF(AND(C94>=TIME(6,0,0),C94<TIME(7,0,0)),"0600-0700", IF(AND(C94>=TIME(7,0,0),C94<TIME(8,0,0)),"0700-0800", IF(AND(C94>=TIME(8,0,0),C94<TIME(9,0,0)),"0800-0900", IF(AND(C94>=TIME(9,0,0),C94<TIME(10,0,0)),"0900-1000", IF(AND(C94>=TIME(10,0,0),C94<TIME(11,0,0)),"1000-1100", IF(AND(C94>=TIME(11,0,0),C94<TIME(12,0,0)),"1100-1200", IF(AND(C94>=TIME(12,0,0),C94<TIME(13,0,0)),"1200-1300", IF(AND(C94>=TIME(13,0,0),C94<TIME(14,0,0)),"1300-1400", IF(AND(C94>=TIME(14,0,0),C94<TIME(15,0,0)),"1400-1500", IF(AND(C94>=TIME(15,0,0),C94<TIME(16,0,0)),"1500-1600", IF(AND(C94>=TIME(16,0,0),C94<TIME(17,0,0)),"1600-1700", IF(AND(C94>=TIME(17,0,0),C94<TIME(18,0,0)),"1700-1800", IF(AND(C94>=TIME(18,0,0),C94<TIME(19,0,0)),"1800-1900", IF(AND(C94>=TIME(19,0,0),C94<TIME(20,0,0)),"1900-2000", IF(AND(C94>=TIME(20,0,0),C94<TIME(21,0,0)),"2000-2100", IF(AND(C94>=TIME(21,0,0),C94<TIME(22,0,0)),"2100-2200", IF(AND(C94>=TIME(22,0,0),C94<TIME(23,0,0)),"2200-2300", IF(AND(C94>=TIME(23,0,0),C94<TIME(24,0,0)),"2300-0000","Invalid Time")))))))))))))))))))))))) -> 1600-1700 | E94: 1600-1700 | F94: =_xlfn.CONCAT(B94," ",E94) -> 19.05.2023 1600-1700 | G94: Jakość | I94: OMRx400 przedlużony start testu | J94: 5
A95: 45065.581 | B95: 19.05.2023 | C95: 0.58125 | D95: =IF(AND(C95>=TIME(0,0,0),C95<TIME(1,0,0)),"0000-0100", IF(AND(C95>=TIME(1,0,0),C95<TIME(2,0,0)),"0100-0200", IF(AND(C95>=TIME(2,0,0),C95<TIME(3,0,0)),"0200-0300", IF(AND(C95>=TIME(3,0,0),C95<TIME(4,0,0)),"0300-0400", IF(AND(C95>=TIME(4,0,0),C95<TIME(5,0,0)),"0400-0500", IF(AND(C95>=TIME(5,0,0),C95<TIME(6,0,0)),"0500-0600", IF(AND(C95>=TIME(6,0,0),C95<TIME(7,0,0)),"0600-0700", IF(AND(C95>=TIME(7,0,0),C95<TIME(8,0,0)),"0700-0800", IF(AND(C95>=TIME(8,0,0),C95<TIME(9,0,0)),"0800-0900", IF(AND(C95>=TIME(9,0,0),C95<TIME(10,0,0)),"0900-1000", IF(AND(C95>=TIME(10,0,0),C95<TIME(11,0,0)),"1000-1100", IF(AND(C95>=TIME(11,0,0),C95<TIME(12,0,0)),"1100-1200", IF(AND(C95>=TIME(12,0,0),C95<TIME(13,0,0)),"1200-1300", IF(AND(C95>=TIME(13,0,0),C95<TIME(14,0,0)),"1300-1400", IF(AND(C95>=TIME(14,0,0),C95<TIME(15,0,0)),"1400-1500", IF(AND(C95>=TIME(15,0,0),C95<TIME(16,0,0)),"1500-1600", IF(AND(C95>=TIME(16,0,0),C95<TIME(17,0,0)),"1600-1700", IF(AND(C95>=TIME(17,0,0),C95<TIME(18,0,0)),"1700-1800", IF(AND(C95>=TIME(18,0,0),C95<TIME(19,0,0)),"1800-1900", IF(AND(C95>=TIME(19,0,0),C95<TIME(20,0,0)),"1900-2000", IF(AND(C95>=TIME(20,0,0),C95<TIME(21,0,0)),"2000-2100", IF(AND(C95>=TIME(21,0,0),C95<TIME(22,0,0)),"2100-2200", IF(AND(C95>=TIME(22,0,0),C95<TIME(23,0,0)),"2200-2300", IF(AND(C95>=TIME(23,0,0),C95<TIME(24,0,0)),"2300-0000","Invalid Time")))))))))))))))))))))))) -> 1300-1400 | E95: 1300-1400 | F95: =_xlfn.CONCAT(B95," ",E95) -> 19.05.2023 1300-1400 | G95: Ogolne_Linia | I95: testy kontrolne | J95: 10
A96: 45065.569 | B96: 19.05.2023 | C96: 0.56875 | D96: =IF(AND(C96>=TIME(0,0,0),C96<TIME(1,0,0)),"0000-0100", IF(AND(C96>=TIME(1,0,0),C96<TIME(2,0,0)),"0100-0200", IF(AND(C96>=TIME(2,0,0),C96<TIME(3,0,0)),"0200-0300", IF(AND(C96>=TIME(3,0,0),C96<TIME(4,0,0)),"0300-0400", IF(AND(C96>=TIME(4,0,0),C96<TIME(5,0,0)),"0400-0500", IF(AND(C96>=TIME(5,0,0),C96<TIME(6,0,0)),"0500-0600", IF(AND(C96>=TIME(6,0,0),C96<TIME(7,0,0)),"0600-0700", IF(AND(C96>=TIME(7,0,0),C96<TIME(8,0,0)),"0700-0800", IF(AND(C96>=TIME(8,0,0),C96<TIME(9,0,0)),"0800-0900", IF(AND(C96>=TIME(9,0,0),C96<TIME(10,0,0)),"0900-1000", IF(AND(C96>=TIME(10,0,0),C96<TIME(11,0,0)),"1000-1100", IF(AND(C96>=TIME(11,0,0),C96<TIME(12,0,0)),"1100-1200", IF(AND(C96>=TIME(12,0,0),C96<TIME(13,0,0)),"1200-1300", IF(AND(C96>=TIME(13,0,0),C96<TIME(14,0,0)),"1300-1400", IF(AND(C96>=TIME(14,0,0),C96<TIME(15,0,0)),"1400-1500", IF(AND(C96>=TIME(15,0,0),C96<TIME(16,0,0)),"1500-1600", IF(AND(C96>=TIME(16,0,0),C96<TIME(17,0,0)),"1600-1700", IF(AND(C96>=TIME(17,0,0),C96<TIME(18,0,0)),"1700-1800", IF(AND(C96>=TIME(18,0,0),C96<TIME(19,0,0)),"1800-1900", IF(AND(C96>=TIME(19,0,0),C96<TIME(20,0,0)),"1900-2000", IF(AND(C96>=TIME(20,0,0),C96<TIME(21,0,0)),"2000-2100", IF(AND(C96>=TIME(21,0,0),C96<TIME(22,0,0)),"2100-2200", IF(AND(C96>=TIME(22,0,0),C96<TIME(23,0,0)),"2200-2300", IF(AND(C96>=TIME(23,0,0),C96<TIME(24,0,0)),"2300-0000","Invalid Time")))))))))))))))))))))))) -> 1300-1400 | E96: 1300-1400 | F96: =_xlfn.CONCAT(B96," ",E96) -> 19.05.2023 1300-1400 | G96: IT_Problem | H96: zawieszenie komputera | I96: brak internetu | J96: 10
A97: 45065.528 | B97: 19.05.2023 | C97: 0.52777778 | D97: =IF(AND(C97>=TIME(0,0,0),C97<TIME(1,0,0)),"0000-0100", IF(AND(C97>=TIME(1,0,0),C97<TIME(2,0,0)),"0100-0200", IF(AND(C97>=TIME(2,0,0),C97<TIME(3,0,0)),"0200-0300", IF(AND(C97>=TIME(3,0,0),C97<TIME(4,0,0)),"0300-0400", IF(AND(C97>=TIME(4,0,0),C97<TIME(5,0,0)),"0400-0500", IF(AND(C97>=TIME(5,0,0),C97<TIME(6,0,0)),"0500-0600", IF(AND(C97>=TIME(6,0,0),C97<TIME(7,0,0)),"0600-0700", IF(AND(C97>=TIME(7,0,0),C97<TIME(8,0,0)),"0700-0800", IF(AND(C97>=TIME(8,0,0),C97<TIME(9,0,0)),"0800-0900", IF(AND(C97>=TIME(9,0,0),C97<TIME(10,0,0)),"0900-1000", IF(AND(C97>=TIME(10,0,0),C97<TIME(11,0,0)),"1000-1100", IF(AND(C97>=TIME(11,0,0),C97<TIME(12,0,0)),"1100-1200", IF(AND(C97>=TIME(12,0,0),C97<TIME(13,0,0)),"1200-1300", IF(AND(C97>=TIME(13,0,0),C97<TIME(14,0,0)),"1300-1400", IF(AND(C97>=TIME(14,0,0),C97<TIME(15,0,0)),"1400-1500", IF(AND(C97>=TIME(15,0,0),C97<TIME(16,0,0)),"1500-1600", IF(AND(C97>=TIME(16,0,0),C97<TIME(17,0,0)),"1600-1700", IF(AND(C97>=TIME(17,0,0),C97<TIME(18,0,0)),"1700-1800", IF(AND(C97>=TIME(18,0,0),C97<TIME(19,0,0)),"1800-1900", IF(AND(C97>=TIME(19,0,0),C97<TIME(20,0,0)),"1900-2000", IF(AND(C97>=TIME(20,0,0),C97<TIME(21,0,0)),"2000-2100", IF(AND(C97>=TIME(21,0,0),C97<TIME(22,0,0)),"2100-2200", IF(AND(C97>=TIME(22,0,0),C97<TIME(23,0,0)),"2200-2300", IF(AND(C97>=TIME(23,0,0),C97<TIME(24,0,0)),"2300-0000","Invalid Time")))))))))))))))))))))))) -> 1200-1300 | E97: 1200-1300 | F97: =_xlfn.CONCAT(B97," ",E97) -> 19.05.2023 1200-1300 | G97: Awaria | H97: stacja 30 - montaż silnika | I97: Offline vision system | J97: 15
A98: 45065.468 | B98: 19.05.2023 | C98: 0.46805556 | D98: =IF(AND(C98>=TIME(0,0,0),C98<TIME(1,0,0)),"0000-0100", IF(AND(C98>=TIME(1,0,0),C98<TIME(2,0,0)),"0100-0200", IF(AND(C98>=TIME(2,0,0),C98<TIME(3,0,0)),"0200-0300", IF(AND(C98>=TIME(3,0,0),C98<TIME(4,0,0)),"0300-0400", IF(AND(C98>=TIME(4,0,0),C98<TIME(5,0,0)),"0400-0500", IF(AND(C98>=TIME(5,0,0),C98<TIME(6,0,0)),"0500-0600", IF(AND(C98>=TIME(6,0,0),C98<TIME(7,0,0)),"0600-0700", IF(AND(C98>=TIME(7,0,0),C98<TIME(8,0,0)),"0700-0800", IF(AND(C98>=TIME(8,0,0),C98<TIME(9,0,0)),"0800-0900", IF(AND(C98>=TIME(9,0,0),C98<TIME(10,0,0)),"0900-1000", IF(AND(C98>=TIME(10,0,0),C98<TIME(11,0,0)),"1000-1100", IF(AND(C98>=TIME(11,0,0),C98<TIME(12,0,0)),"1100-1200", IF(AND(C98>=TIME(12,0,0),C98<TIME(13,0,0)),"1200-1300", IF(AND(C98>=TIME(13,0,0),C98<TIME(14,0,0)),"1300-1400", IF(AND(C98>=TIME(14,0,0),C98<TIME(15,0,0)),"1400-1500", IF(AND(C98>=TIME(15,0,0),C98<TIME(16,0,0)),"1500-1600", IF(AND(C98>=TIME(16,0,0),C98<TIME(17,0,0)),"1600-1700", IF(AND(C98>=TIME(17,0,0),C98<TIME(18,0,0)),"1700-1800", IF(AND(C98>=TIME(18,0,0),C98<TIME(19,0,0)),"1800-1900", IF(AND(C98>=TIME(19,0,0),C98<TIME(20,0,0)),"1900-2000", IF(AND(C98>=TIME(20,0,0),C98<TIME(21,0,0)),"2000-2100", IF(AND(C98>=TIME(21,0,0),C98<TIME(22,0,0)),"2100-2200", IF(AND(C98>=TIME(22,0,0),C98<TIME(23,0,0)),"2200-2300", IF(AND(C98>=TIME(23,0,0),C98<TIME(24,0,0)),"2300-0000","Invalid Time")))))))))))))))))))))))) -> 1100-1200 | E98: 1100-1200 | F98: =_xlfn.CONCAT(B98," ",E98) -> 19.05.2023 1100-1200 | G98: Przegląd_Serwis | H98: interwencja DUR | I98: sprzatanie komory | J98: 35
